album,album_type,track_number,id_track,name,popularity,explicit,duration_ms,release_date,artists
The Renaissance - The 10th Album,album,1,74og0XDxLlJkSsFSZU37Tg,SUPER,38,False,89946,2021-03-16,['SUPER JUNIOR']
The Renaissance - The 10th Album,album,2,0awQIOFGtg18LCJ0WhFf8s,House Party,49,False,241453,2021-03-16,['SUPER JUNIOR']
The Renaissance - The 10th Album,album,3,2UT7Ba7JX3GXVuy4fVYAL2,Burn The Floor,44,False,205013,2021-03-16,['SUPER JUNIOR']
The Renaissance - The 10th Album,album,4,6sFwPBpeRriLHP6klr22Tv,Paradox,39,False,196840,2021-03-16,['SUPER JUNIOR']
The Renaissance - The 10th Album,album,5,34m4nZyJGIpb0jYiBD61gC,Closer,36,False,209626,2021-03-16,['SUPER JUNIOR']
The Renaissance - The 10th Album,album,6,4NeUKbKds96K9XzvLYnpmd,The Melody,36,False,191213,2021-03-16,['SUPER JUNIOR']
The Renaissance - The 10th Album,album,7,1VN0MkmEmlBQO5SXrzwQvh,Raining Spell for Love - Remake Version,37,False,196546,2021-03-16,['SUPER JUNIOR']
The Renaissance - The 10th Album,album,8,6Q0SX4Dunop7M5jzeiec5d,Mystery,39,False,177253,2021-03-16,['SUPER JUNIOR']
The Renaissance - The 10th Album,album,9,4UcsdzPYKdfdateRyROTQM,More Days with You,41,False,253440,2021-03-16,['SUPER JUNIOR']
The Renaissance - The 10th Album,album,10,7GEM1YF2cr4nbZbaYMKIyP,Tell Me Baby,32,False,189573,2021-03-16,['SUPER JUNIOR']
Star,album,1,48j0D0REjlzROxY8KCDG2r,MAMACITA -AYAYA- - Japanese Version,17,False,208466,2021-01-27,['SUPER JUNIOR']
Star,album,2,3FU4topxanLHcxTGk5BOmp,Black Suit - Japanese Version,17,False,202133,2021-01-27,['SUPER JUNIOR']
Star,album,3,2qdYeN2IpGhNNXSAm4RoZq,Devil - Japanese Version,15,False,216986,2021-01-27,['SUPER JUNIOR']
Star,album,4,7nhPRHDvvBSKmh0GO0ICmt,I Think I - Japanese Version,14,False,201706,2021-01-27,['SUPER JUNIOR']
Star,album,5,2GABJtjPw7wIavuYvPJsbF,One More Time (Otra Vez) - Feat. REIK Japanese Version,31,False,187200,2021-01-27,"['SUPER JUNIOR', 'Reik']"
Star,album,6,14DciKBczo4AnsUAW5zsyB,On and On,22,False,223493,2021-01-27,['SUPER JUNIOR']
Star,album,7,7IE8fLAVfUe5ahqRlPXAlE,Blue World,19,False,202813,2021-01-27,['SUPER JUNIOR']
Star,album,8,6T5VNcJj87cOLDuKfC49rV,Magic - Japanese Version,13,False,216466,2021-01-27,['SUPER JUNIOR']
Star,album,9,0prJ6INg4CMQgY46V8yH9p,Wow! Wow!! Wow!!!,18,False,202266,2021-01-27,['SUPER JUNIOR']
Star,album,10,63mctoYTm75f6PzFtYRC8q,Star,20,False,167333,2021-01-27,['SUPER JUNIOR']
Star,album,1,70oUWwu48tVPXoPjTLVXe3,MOTORCYCLE,14,False,205053,2021-01-27,['SUPER JUNIOR-D&E']
Star,album,2,53jxAEv1GdIyNFKkGUqQ9o,Saturday Night,19,False,198826,2021-01-27,['SUPER JUNIOR-D&E']
Star,album,3,0scZ0az9AJI6AjKJ09ZspG,JOIN HANDS,14,False,228560,2021-01-27,['SUPER JUNIOR-K.R.Y.']
Star,album,4,43OrmQrAhxZSQWja5aAC2R,Let’s Get It On,12,False,184560,2021-01-27,['SUPER JUNIOR-D&E']
Star,album,5,5gpGcQ6mMYVTZbgbhivQkd,Celebration〜君に架ける橋〜,13,False,241440,2021-01-27,['KYUHYUN']
Star,album,6,6KwNE4rxnRpBW9t1cbMMKe,雨のち晴れの空の色,12,False,297360,2021-01-27,['SUPER JUNIOR-YESUNG']
Star,album,7,5Hqaqlx8V6U2sZ5y1PdyCz,僕のまじめなラブコメディー,12,False,257693,2021-01-27,['KYUHYUN']
Star,album,8,2IZuzrr0RH3302Q4WfOJks,Splash,13,False,190973,2021-01-27,['SUPER JUNIOR-YESUNG']
Star,album,9,0dYSWHz4gV0Mn8y3hkQMxG,SUNRISE,13,False,212986,2021-01-27,['SUPER JUNIOR-D&E']
Star,album,10,0UuMAvm4BK6S0EtTYyAwSZ,Because I Love You 〜大切な絆〜,12,False,212040,2021-01-27,['SUPER JUNIOR-YESUNG']
Star,album,11,7jON5nzIRkB3Hxl1jQr201,桜の花が咲く頃,12,False,207266,2021-01-27,['SUPER JUNIOR-RYEOWOOK']
Star,album,12,14yomqSUC7daZx8vqrjP7S,Coming Home,16,False,214626,2021-01-27,['SUPER JUNIOR-LEETEUK']
TIMELESS - The 9th Album Repackage,album,1,7iQTGSIl9m4jofHBGby9kZ,2YA2YAO!,44,False,200826,2020-01-28,['SUPER JUNIOR']
TIMELESS - The 9th Album Repackage,album,2,5bHTRBY6iFbok6xm6dP4HH,The Crown,38,False,219948,2020-01-28,['SUPER JUNIOR']
TIMELESS - The 9th Album Repackage,album,3,5D0Gpis3u5V6Qm2PPvti18,Ticky Tocky,38,False,211010,2020-01-28,['SUPER JUNIOR']
TIMELESS - The 9th Album Repackage,album,4,7tgodtXCbzcZWSfYr1NvWk,Shadow,31,False,209337,2020-01-28,['SUPER JUNIOR']
TIMELESS - The 9th Album Repackage,album,5,3JBP6rYf7P4ortzcj2X6tC,SUPER Clap,36,False,209151,2020-01-28,['SUPER JUNIOR']
TIMELESS - The 9th Album Repackage,album,6,1an6fwYdTOcF6mXgoViKPg,I Think I,33,False,201941,2020-01-28,['SUPER JUNIOR']
TIMELESS - The 9th Album Repackage,album,7,3cFSxRwSSdDcRdW9YmfXl0,Game,26,False,217269,2020-01-28,['SUPER JUNIOR']
TIMELESS - The 9th Album Repackage,album,8,3ONLEI6INqG72MyGL950qP,Somebody New,31,False,202221,2020-01-28,['SUPER JUNIOR']
TIMELESS - The 9th Album Repackage,album,9,4AySDoIQA2kgYyjt04zrOh,Skydive,28,False,236310,2020-01-28,['SUPER JUNIOR']
TIMELESS - The 9th Album Repackage,album,10,13SYwQjMQAUXH4xocWc539,Heads Up,28,False,197797,2020-01-28,['SUPER JUNIOR']
TIMELESS - The 9th Album Repackage,album,11,09g4noFQ4JNxxWaPeVOnuf,Stay with Me,27,False,191697,2020-01-28,['SUPER JUNIOR']
TIMELESS - The 9th Album Repackage,album,12,0mr7zcus2yELUu02Hwq1qG,Rock Your Body,28,False,236055,2020-01-28,['SUPER JUNIOR']
TIMELESS - The 9th Album Repackage,album,13,2JvZ3DSbmNW8URmOc2nGQZ,No Drama,26,False,198167,2020-01-28,['SUPER JUNIOR']
TIMELESS - The 9th Album Repackage,album,14,2hTBpa21ZbNCOI9FQekhQS,Show,28,False,230229,2020-01-28,['SUPER JUNIOR']
Time_Slip - The 9th Album,album,1,1G73nEAFB6ileezY2zKzUc,The Crown,35,False,219948,2019-10-14,['SUPER JUNIOR']
Time_Slip - The 9th Album,album,2,52ubrjNeYr0bJNuYGmxfpV,SUPER Clap,44,False,209151,2019-10-14,['SUPER JUNIOR']
Time_Slip - The 9th Album,album,3,2wyADQXIP85isSHmi7SdeO,I Think I,37,False,201941,2019-10-14,['SUPER JUNIOR']
Time_Slip - The 9th Album,album,4,2nsPvN4IP7twcucRuDGkBq,Game,23,False,217269,2019-10-14,['SUPER JUNIOR']
Time_Slip - The 9th Album,album,5,7DesSFLr5ghYUPGmQFtGkM,Somebody New,34,False,202221,2019-10-14,['SUPER JUNIOR']
Time_Slip - The 9th Album,album,6,6dh5Q6fBeQtr13F3l6LaRF,Skydive,25,False,236310,2019-10-14,['SUPER JUNIOR']
Time_Slip - The 9th Album,album,7,65v4Mtj6ximJzfScxvnunl,Heads Up,26,False,197797,2019-10-14,['SUPER JUNIOR']
Time_Slip - The 9th Album,album,8,3YvMTgBgjDUvs1qmNNDR7G,Stay with Me,26,False,191697,2019-10-14,['SUPER JUNIOR']
Time_Slip - The 9th Album,album,9,1zZmr8xHB3vU5TcJfMkxuH,No Drama,24,False,198167,2019-10-14,['SUPER JUNIOR']
Time_Slip - The 9th Album,album,10,1qFiCbC1v7jTPCSqjdqpzp,Show,28,False,230229,2019-10-14,['SUPER JUNIOR']
REPLAY - The 8th Repackage Album,album,1,2VVqxQhALecXvaArlZSVXr,Lo Siento,52,False,226183,2018-04-12,"['SUPER JUNIOR', 'Leslie Grace', 'Play-N-Skillz']"
REPLAY - The 8th Repackage Album,album,2,0g0T4ICIkwpS75xZMpubPz,Black Suit,29,False,201111,2018-04-12,['SUPER JUNIOR']
REPLAY - The 8th Repackage Album,album,3,0RuV8TwrzNoNkjC05EVmuQ,Scene Stealer,22,False,205629,2018-04-12,['SUPER JUNIOR']
REPLAY - The 8th Repackage Album,album,4,4AalpFiUPkAGdHAmVSXBxh,Me & U,25,False,201473,2018-04-12,['SUPER JUNIOR']
REPLAY - The 8th Repackage Album,album,5,4UU81qxAXlyuirhAyxN7bw,비처럼 가지 마요 One More Chance,28,False,255012,2018-04-12,['SUPER JUNIOR']
REPLAY - The 8th Repackage Album,album,6,6MGtgDC1fFdH6Q6fkGqML2,Good Day for a Good Day,23,False,185113,2018-04-12,['SUPER JUNIOR']
REPLAY - The 8th Repackage Album,album,7,5z43vxq6VFvAUZUUiHl0cl,Runaway,23,False,206645,2018-04-12,['SUPER JUNIOR']
REPLAY - The 8th Repackage Album,album,8,3BmNUNiHejhTl6h7EedY1i,Super Duper,25,False,194332,2018-04-12,['SUPER JUNIOR']
REPLAY - The 8th Repackage Album,album,9,4cTElWsRsgNPd7gtPWcrd5,The Lucky Ones,21,False,218484,2018-04-12,['SUPER JUNIOR']
REPLAY - The 8th Repackage Album,album,10,3WapiwIv1s1yd8iO74A033,예뻐 보여 Girlfriend,18,False,203519,2018-04-12,['SUPER JUNIOR']
REPLAY - The 8th Repackage Album,album,11,47eclhrYK6S9x4jdkyxI2C,안아줄게 Hug,25,False,226152,2018-04-12,['SUPER JUNIOR']
REPLAY - The 8th Repackage Album,album,12,6UOZ4unQZfcZXcfalUcxQY,Spin Up!,18,False,189822,2018-04-12,['SUPER JUNIOR']
REPLAY - The 8th Repackage Album,album,13,2xTNCk66Vp8YjDCZJn9bLB,시간 차 Too Late,21,False,210071,2018-04-12,['SUPER JUNIOR']
REPLAY - The 8th Repackage Album,album,14,1hMCcNEfwfyqFQVu1CQ0Ii,I do 두 번째 고백,21,False,211756,2018-04-12,['SUPER JUNIOR']
REPLAY - The 8th Repackage Album,album,15,3tshjdySKImzDnLjmmTnEZ,Lo Siento - Bonus Track,36,False,226183,2018-04-12,"['SUPER JUNIOR', 'KARD']"
PLAY - The 8th Album,album,1,0cCm1PbOd6nqAPDdA3PRfs,Black Suit,52,False,201111,2017-11-06,['SUPER JUNIOR']
PLAY - The 8th Album,album,2,32TcXGY4h0Lluw6G6UvWn7,Scene Stealer,30,False,205629,2017-11-06,['SUPER JUNIOR']
PLAY - The 8th Album,album,3,25hYe0vtMIh38PLmDRU2Ra,비처럼 가지 마요 One More Chance,42,False,255012,2017-11-06,['SUPER JUNIOR']
PLAY - The 8th Album,album,4,3y022UysBG5fpRZDgiaJFY,Good Day for a Good Day,32,False,185113,2017-11-06,['SUPER JUNIOR']
PLAY - The 8th Album,album,5,5PsNR58EyG9b473hKpqiGs,Runaway,29,False,206645,2017-11-06,['SUPER JUNIOR']
PLAY - The 8th Album,album,6,7jHMvMIRLzMnEz1poJeKPo,The Lucky Ones,30,False,218484,2017-11-06,['SUPER JUNIOR']
PLAY - The 8th Album,album,7,6sZCcPjdlLFNu3D5mUd14T,예뻐 보여 Girlfriend,23,False,203519,2017-11-06,['SUPER JUNIOR']
PLAY - The 8th Album,album,8,3EyW9SN8CaFmDP0BIgnOjK,Spin Up!,23,False,189822,2017-11-06,['SUPER JUNIOR']
PLAY - The 8th Album,album,9,15ImilEEthkDmGfYxCWFBZ,시간 차 Too late,29,False,210071,2017-11-06,['SUPER JUNIOR']
PLAY - The 8th Album,album,10,1BYifTbikas6Q9oCmrpdlL,I do 두 번째 고백,32,False,211756,2017-11-06,['SUPER JUNIOR']
SUPER SHOW 6 - SUPER JUNIOR The 6th WORLD TOUR,album,1,4ulFM6orkEXOkV5uy4bept,Intro-The Legend of SS6 - Live,10,False,101600,2015-11-06,['SUPER JUNIOR']
SUPER SHOW 6 - SUPER JUNIOR The 6th WORLD TOUR,album,2,3fVLejVG34YpQHV1BkCIxb,Intro-Take Over The Stage - Live,10,False,102946,2015-11-06,['SUPER JUNIOR']
SUPER SHOW 6 - SUPER JUNIOR The 6th WORLD TOUR,album,3,1k3aRZD7qKduiixOTFfjqY,Twins (Knock Out) - Live,14,False,199680,2015-11-06,['SUPER JUNIOR']
SUPER SHOW 6 - SUPER JUNIOR The 6th WORLD TOUR,album,4,4gn70Cq5Dq7nPXc0q5InTc,"미인아 (BONAMANA) - Rock Version, Live",20,False,184973,2015-11-06,['SUPER JUNIOR']
SUPER SHOW 6 - SUPER JUNIOR The 6th WORLD TOUR,album,5,6fesZJCjM7YQAuOU8w2LIm,"Sorry, Sorry - Drum Performance Version, Live",21,False,288120,2015-11-06,['SUPER JUNIOR']
SUPER SHOW 6 - SUPER JUNIOR The 6th WORLD TOUR,album,6,39qFPQ1dm1WpnKosTItJmZ,U - Live,19,False,236173,2015-11-06,['SUPER JUNIOR']
SUPER SHOW 6 - SUPER JUNIOR The 6th WORLD TOUR,album,7,6fx03zj7A0Dc9IkmddsCCB,Dear. Two - Live,16,False,164640,2015-11-06,['SUPER JUNIOR']
SUPER SHOW 6 - SUPER JUNIOR The 6th WORLD TOUR,album,8,3cqVRC4giZeXCvDQJIZeWM,춤을 춘다 (Midnight Blues) - Live,12,False,261906,2015-11-06,['SUPER JUNIOR']
SUPER SHOW 6 - SUPER JUNIOR The 6th WORLD TOUR,album,9,3MJZkXBcSuPtsVKGz4Eoen,그녀는 위험해 (She Wants It) - Live,13,False,246680,2015-11-06,['SUPER JUNIOR']
SUPER SHOW 6 - SUPER JUNIOR The 6th WORLD TOUR,album,10,1NzN4TDLlgGaWY3nN465pr,Mr. Simple - Live,19,False,256266,2015-11-06,['SUPER JUNIOR']
SUPER SHOW 6 - SUPER JUNIOR The 6th WORLD TOUR,album,11,0Zu3nt0ZR5pJsCfcyu5P8i,Don’t Leave Me - Live,17,False,224560,2015-11-06,['SUPER JUNIOR']
SUPER SHOW 6 - SUPER JUNIOR The 6th WORLD TOUR,album,12,2AZ8na43L9gZtkgBP6cReq,백일몽 (Evanesce) - Live,20,False,227546,2015-11-06,['SUPER JUNIOR']
SUPER SHOW 6 - SUPER JUNIOR The 6th WORLD TOUR,album,13,0NAf7NGv5hwyIQFjJMguMC,"나의 생각, 너의 기억 (My Thoughts, Your Memories) - Live",14,False,175493,2015-11-06,['SUPER JUNIOR']
SUPER SHOW 6 - SUPER JUNIOR The 6th WORLD TOUR,album,14,66miMElwFsRwRa7gLMl05o,상심 (Heartbroken) - Live,13,False,171666,2015-11-06,['SUPER JUNIOR']
SUPER SHOW 6 - SUPER JUNIOR The 6th WORLD TOUR,album,15,69RyOpHUgIIKeMxbngF2fp,사랑한다는 흔한 말 (Never Got To Say That I Love You) - Live,14,False,188240,2015-11-06,['SUPER JUNIOR']
SUPER SHOW 6 - SUPER JUNIOR The 6th WORLD TOUR,album,16,4TPdpeyMFehNrnuNu2XldY,"This Is Love - Stage Version, Live",16,False,228386,2015-11-06,['SUPER JUNIOR']
SUPER SHOW 6 - SUPER JUNIOR The 6th WORLD TOUR,album,17,6HViRNIxirb077OPNzZgVq,Islands - Live,19,False,273153,2015-11-06,['SUPER JUNIOR']
SUPER SHOW 6 - SUPER JUNIOR The 6th WORLD TOUR,album,1,6Cj0BWVyuNeB1Nrnajax71,"Swing - Korean Version, Live",17,False,224053,2015-11-06,['SUPER JUNIOR']
SUPER SHOW 6 - SUPER JUNIOR The 6th WORLD TOUR,album,2,4nFageijlPIk5ceXipdqif,Fantastic - Live,14,False,222040,2015-11-06,['SUPER JUNIOR']
SUPER SHOW 6 - SUPER JUNIOR The 6th WORLD TOUR,album,3,6itckYowBTNrqXhIY0mYb1,내 욕심이 많았다 (太贪心) - Chinese Version. Live,11,False,230680,2015-11-06,['SUPER JUNIOR']
SUPER SHOW 6 - SUPER JUNIOR The 6th WORLD TOUR,album,4,3JhAnRluvQzmMrTy0hkrsb,1+1=Love - Live,13,False,164506,2015-11-06,['SUPER JUNIOR']
SUPER SHOW 6 - SUPER JUNIOR The 6th WORLD TOUR,album,5,5mtP5M6fUr8YyxvgEwc7zt,"Motorcycle - Korean Version, Live",13,False,100720,2015-11-06,['SUPER JUNIOR']
SUPER SHOW 6 - SUPER JUNIOR The 6th WORLD TOUR,album,6,2O4Fn7ejDwBSM9Iv957jqO,Hello - Live,12,False,151880,2015-11-06,['SUPER JUNIOR']
SUPER SHOW 6 - SUPER JUNIOR The 6th WORLD TOUR,album,7,59g3RpGdGkH6QTtC9HDG0a,"떴다 오빠 (OPPA, OPPA) - Live",17,False,240986,2015-11-06,['SUPER JUNIOR']
SUPER SHOW 6 - SUPER JUNIOR The 6th WORLD TOUR,album,8,6D5jAdF7IsQ6xnAygbsPr4,Nothing on You - Live,13,False,163840,2015-11-06,['SUPER JUNIOR']
SUPER SHOW 6 - SUPER JUNIOR The 6th WORLD TOUR,album,9,3HRoVPTbz269DKohdKiUmJ,야생마 (Wild Horse) - Live,9,False,134000,2015-11-06,['SUPER JUNIOR']
SUPER SHOW 6 - SUPER JUNIOR The 6th WORLD TOUR,album,10,1knxqHOpcZbZS184z68LjU,로꾸거!! (ROKUKO) - Live,19,False,182960,2015-11-06,['SUPER JUNIOR']
SUPER SHOW 6 - SUPER JUNIOR The 6th WORLD TOUR,album,11,0B1qOHvqNh27U8qGyQvk6p,잊지 말아요 (Don’t Forget Me) - Live,14,False,253386,2015-11-06,['SUPER JUNIOR']
SUPER SHOW 6 - SUPER JUNIOR The 6th WORLD TOUR,album,12,3UFQGMeKSksCYjdHDihhKr,Too Many Beautiful Girls - Live,13,False,201466,2015-11-06,['SUPER JUNIOR']
SUPER SHOW 6 - SUPER JUNIOR The 6th WORLD TOUR,album,13,0XVaOfRDy23Riy48LMnbTJ,"Shirt - Rearranged Version, Live",13,False,198773,2015-11-06,['SUPER JUNIOR']
SUPER SHOW 6 - SUPER JUNIOR The 6th WORLD TOUR,album,14,3FGxYQoej0XYu5TLn6h1RY,"Rockstar - Rearranged Version, Live",12,False,94586,2015-11-06,['SUPER JUNIOR']
SUPER SHOW 6 - SUPER JUNIOR The 6th WORLD TOUR,album,15,3P1SADyQmWeqYODecDKgj2,"Let’s Dance - Rearranged Version, Live",13,False,212280,2015-11-06,['SUPER JUNIOR']
SUPER SHOW 6 - SUPER JUNIOR The 6th WORLD TOUR,album,16,0xEWc7uZNRtBgNBUtxpoyL,MAMACITA (아야야) - Live,17,False,207186,2015-11-06,['SUPER JUNIOR']
SUPER SHOW 6 - SUPER JUNIOR The 6th WORLD TOUR,album,17,1RLOMdqiCjpDadAQhcU4Xk,Walkin’ - Live,18,False,225493,2015-11-06,['SUPER JUNIOR']
SUPER SHOW 6 - SUPER JUNIOR The 6th WORLD TOUR,album,18,0BzaCMgz3RBW7fb9FMee14,너로부터 (From U) - Live,14,False,194506,2015-11-06,['SUPER JUNIOR']
SUPER SHOW 6 - SUPER JUNIOR The 6th WORLD TOUR,album,19,6WMp7QB2BjTiZWNTztTY0H,하루 (HARU) - Live,15,False,210049,2015-11-06,['SUPER JUNIOR']
SUPER SHOW 5 - SUPER JUNIOR The 5th WORLD TOUR (Live),album,1,75HXYkOPhrhjRLSQDkZqlw,Intro – Mission: SS5 - Live,8,False,190626,2015-11-06,['SUPER JUNIOR']
SUPER SHOW 5 - SUPER JUNIOR The 5th WORLD TOUR (Live),album,2,3rSn9CbaNB7mg18RJsp6mX,Intro - Live,12,False,128720,2015-11-06,['SUPER JUNIOR']
SUPER SHOW 5 - SUPER JUNIOR The 5th WORLD TOUR (Live),album,3,2m29HpRUXRkoj9Klnjv3gS,"Mr. Simple - Rearranged Version, Live",17,False,255293,2015-11-06,['SUPER JUNIOR']
SUPER SHOW 5 - SUPER JUNIOR The 5th WORLD TOUR (Live),album,4,7KuiF2csd9AHnd6JX5GC0M,미인아 (BONAMANA) - Live,21,False,278066,2015-11-06,['SUPER JUNIOR']
SUPER SHOW 5 - SUPER JUNIOR The 5th WORLD TOUR (Live),album,5,5eIcDlaTqxjpBIIBkRy0X4,"Super Girl - Korean Version, Live",28,False,240906,2015-11-06,['SUPER JUNIOR']
SUPER SHOW 5 - SUPER JUNIOR The 5th WORLD TOUR (Live),album,6,4cFjDiNhEZy058vLUHBtgw,너라고 (It’s You) - Live,22,False,229920,2015-11-06,['SUPER JUNIOR']
SUPER SHOW 5 - SUPER JUNIOR The 5th WORLD TOUR (Live),album,7,4kei11WzPuNJtadBTbc2wC,"Sexy, Free & Single - Live",17,False,261186,2015-11-06,['SUPER JUNIOR']
SUPER SHOW 5 - SUPER JUNIOR The 5th WORLD TOUR (Live),album,8,55wKARdxzfpsaxQyLdpjgZ,나쁜 여자 (Boom Boom) - Live,13,False,140280,2015-11-06,['SUPER JUNIOR']
SUPER SHOW 5 - SUPER JUNIOR The 5th WORLD TOUR (Live),album,9,7JmSFzslCp4fbTOkmaX1xc,Club No.1 - Live,13,False,158973,2015-11-06,['SUPER JUNIOR']
SUPER SHOW 5 - SUPER JUNIOR The 5th WORLD TOUR (Live),album,10,5paE2UmohwORdf5QN6dr93,So Cold - Live,15,False,234573,2015-11-06,['SUPER JUNIOR']
SUPER SHOW 5 - SUPER JUNIOR The 5th WORLD TOUR (Live),album,11,1roDSCgXA8PdqmzvJ95lU5,서른즈음에 (Around 30s) - Live,10,False,247640,2015-11-06,['SUPER JUNIOR']
SUPER SHOW 5 - SUPER JUNIOR The 5th WORLD TOUR (Live),album,12,0xJHNYzbjgTClY78xNMhv6,How Am I Supposed To Live Without You - Live,16,False,265013,2015-11-06,['SUPER JUNIOR']
SUPER SHOW 5 - SUPER JUNIOR The 5th WORLD TOUR (Live),album,13,3OjHkXBrD6c66G3q0K9GFC,먹지 (Gray Paper) - Live,16,False,277973,2015-11-06,['SUPER JUNIOR']
SUPER SHOW 5 - SUPER JUNIOR The 5th WORLD TOUR (Live),album,14,42qVgtTn0HF0znK50fKHIF,"Break Down - Korean Version, Live",27,False,208960,2015-11-06,['SUPER JUNIOR']
SUPER SHOW 5 - SUPER JUNIOR The 5th WORLD TOUR (Live),album,15,2N0uBLWdRTZBWZhGTUXPoZ,"A-Oh! - Korean Version, Live",13,False,223333,2015-11-06,['SUPER JUNIOR']
SUPER SHOW 5 - SUPER JUNIOR The 5th WORLD TOUR (Live),album,16,6hazxLmgvuAnqdN4AfRv8s,"Go - Korean Version, Live",11,False,206960,2015-11-06,['SUPER JUNIOR']
SUPER SHOW 5 - SUPER JUNIOR The 5th WORLD TOUR (Live),album,17,60xXWKMYAqAQoxImKKtwNl,Shake It Up! (생각을 흔들어) - Live,14,False,183653,2015-11-06,['SUPER JUNIOR']
SUPER SHOW 5 - SUPER JUNIOR The 5th WORLD TOUR (Live),album,18,0eVlUaghaE6OcZcHk72WOk,Rockstar - Live,13,False,300071,2015-11-06,['SUPER JUNIOR']
SUPER SHOW 5 - SUPER JUNIOR The 5th WORLD TOUR (Live),album,1,2zVpsJoy0VHYCEme77VUqt,머문다 (Daydream) - Live,14,False,222426,2015-11-06,['SUPER JUNIOR']
SUPER SHOW 5 - SUPER JUNIOR The 5th WORLD TOUR (Live),album,2,6wcH22mflZWXSEA8xu8e5j,"달콤씁쓸 (Bittersweet) - Rearranged Version, Live",13,False,107786,2015-11-06,['SUPER JUNIOR']
SUPER SHOW 5 - SUPER JUNIOR The 5th WORLD TOUR (Live),album,3,16HARrphk85rLSMr75Ihoe,"기억을 따라 (Memories) - Rearranged Version, Live",16,False,254786,2015-11-06,['SUPER JUNIOR']
SUPER SHOW 5 - SUPER JUNIOR The 5th WORLD TOUR (Live),album,4,5b4LllPCWYZb5Es8qN9HoJ,꿈꾸는 히어로 (Dreaming Hero) - Live,11,False,202080,2015-11-06,['SUPER JUNIOR']
SUPER SHOW 5 - SUPER JUNIOR The 5th WORLD TOUR (Live),album,5,0v9C0KNCpq2WQzzHnDlAi5,꿀단지 (SUNNY) - Live,12,False,192853,2015-11-06,['SUPER JUNIOR']
SUPER SHOW 5 - SUPER JUNIOR The 5th WORLD TOUR (Live),album,6,2N5CVwsEisx9rwhwUt4gJq,Wonder Boy - Live,29,False,197120,2015-11-06,['SUPER JUNIOR']
SUPER SHOW 5 - SUPER JUNIOR The 5th WORLD TOUR (Live),album,7,5M5usdWKSytjtk5iboG1lN,Marry U - Live,15,False,200093,2015-11-06,['SUPER JUNIOR']
SUPER SHOW 5 - SUPER JUNIOR The 5th WORLD TOUR (Live),album,8,1iaoVIUhKQ8RN8wUmC5DV1,"Sorry, Sorry - Live",22,False,288200,2015-11-06,['SUPER JUNIOR']
SUPER SHOW 5 - SUPER JUNIOR The 5th WORLD TOUR (Live),album,9,5i0Y8oylcDkoyqgePi1FeW,"Show Me Your Love - SUPER JUNIOR Version, Live",14,False,242066,2015-11-06,['SUPER JUNIOR']
SUPER SHOW 5 - SUPER JUNIOR The 5th WORLD TOUR (Live),album,10,0YayFss8TlqHq1fhFNMRgH,So… I - Live,14,False,225920,2015-11-06,['SUPER JUNIOR']
SUPER SHOW 5 - SUPER JUNIOR The 5th WORLD TOUR (Live),album,11,50eYEWdO9y2kKYWBjl5a5d,So Cold - Studio Version;Live,15,False,229666,2015-11-06,['SUPER JUNIOR']
SUPER SHOW 5 - SUPER JUNIOR The 5th WORLD TOUR (Live),album,12,0lLufYdkZaw1ucs9SNiXIt,"A-Oh! - Korean Version, Studio Version, Live",11,False,220653,2015-11-06,['SUPER JUNIOR']
SUPER SHOW 5 - SUPER JUNIOR The 5th WORLD TOUR (Live),album,13,1GCUPIeIjN5ANG8y3DU9Gj,"Go - Korean Version, Studio Version, Live",10,False,182636,2015-11-06,['SUPER JUNIOR']
MAGIC - SUPER JUNIOR SPECIAL ALBUM PART.2,album,1,7Mn9begcwfZ7utquTWUmjV,Magic,39,False,215102,2015-09-16,['SUPER JUNIOR']
MAGIC - SUPER JUNIOR SPECIAL ALBUM PART.2,album,2,42QSAzjmG5OndtlRzVfMFW,Devil,28,False,216584,2015-09-16,['SUPER JUNIOR']
MAGIC - SUPER JUNIOR SPECIAL ALBUM PART.2,album,3,2L8ZNbFdZIIAVwKiQYeU7S,"Simply Beautiful - sung by YESUNG, KANGIN, SIWON, RYEOWOOK & KYUHYUN",18,False,243166,2015-09-16,['SUPER JUNIOR']
MAGIC - SUPER JUNIOR SPECIAL ALBUM PART.2,album,4,55lmK1E7BKSbX3GHolj3Pl,"놈, 놈, 놈 (You Got It) - sung by LEETEUK, HEECHUL, YESUNG, EUNHYUK, DONGHAE",18,False,263154,2015-09-16,['SUPER JUNIOR']
MAGIC - SUPER JUNIOR SPECIAL ALBUM PART.2,album,5,6EqKOxuWP2eAGKQwe9lfiA,도로시 (Dorothy) - sung by SUPER JUNIOR–K.R.Y.,37,False,263999,2015-09-16,['SUPER JUNIOR']
MAGIC - SUPER JUNIOR SPECIAL ALBUM PART.2,album,6,0D9mXhcBj3mnoWnHKI7DEw,"Sarang♥ - sung by LEETEUK, HEECHUL",24,False,197048,2015-09-16,['SUPER JUNIOR']
MAGIC - SUPER JUNIOR SPECIAL ALBUM PART.2,album,7,1djioPx7hU8EGJbyKlCybn,별이 뜬다 (Stars Appear...),19,False,225187,2015-09-16,['SUPER JUNIOR']
MAGIC - SUPER JUNIOR SPECIAL ALBUM PART.2,album,8,6HlBZFengxJq0yGk1P6CdK,Good Love,14,False,200101,2015-09-16,['SUPER JUNIOR']
MAGIC - SUPER JUNIOR SPECIAL ALBUM PART.2,album,9,3mQHPgUZ7yUAEIWwa3qtgT,We Can - sung by SUPER JUNIOR–K.R.Y.,19,False,237977,2015-09-16,['SUPER JUNIOR']
MAGIC - SUPER JUNIOR SPECIAL ALBUM PART.2,album,10,41y2jZ0QJFl5Jk13soaOfs,Don’t Wake Me Up - sung by SUPER JUNIOR–D&E,17,False,188035,2015-09-16,['SUPER JUNIOR']
MAGIC - SUPER JUNIOR SPECIAL ALBUM PART.2,album,11,6B5tum7A231YnHQe4wgvS4,첫눈에 반했습니다 (Love at First Sight) - sung by SUPER JUNIOR–T,16,False,224006,2015-09-16,['SUPER JUNIOR']
MAGIC - SUPER JUNIOR SPECIAL ALBUM PART.2,album,12,3Fq6fUyc8OSKtU44JFJiXQ,每天 (Forever with You) - sung by SUPER JUNIOR–M,13,False,191977,2015-09-16,['SUPER JUNIOR']
MAGIC - SUPER JUNIOR SPECIAL ALBUM PART.2,album,13,50ue2wghqJReO80OpjczLp,Rock'n Shine!,12,False,235385,2015-09-16,['SUPER JUNIOR']
MAGIC - SUPER JUNIOR SPECIAL ALBUM PART.2,album,14,1ZNowa5CYVyfH3G4zrBx0V,Alright,18,False,235251,2015-09-16,['SUPER JUNIOR']
DEVIL - SUPER JUNIOR SPECIAL ALBUM,album,1,3IQ9FJ2cMVQtger5ZhgCaj,Devil,50,False,216584,2015-07-16,['SUPER JUNIOR']
DEVIL - SUPER JUNIOR SPECIAL ALBUM,album,2,6sOHxqrkYOyiUIwVThRaXw,"Simply Beautiful - sung by YESUNG, KANGIN, SIWON, RYEOWOOK & KYUHYUN",22,False,243166,2015-07-16,['SUPER JUNIOR']
DEVIL - SUPER JUNIOR SPECIAL ALBUM,album,3,3MKJn2m2kp4xMKqPfjk5gA,별이 뜬다 Stars Appear...,26,False,225187,2015-07-16,['SUPER JUNIOR']
DEVIL - SUPER JUNIOR SPECIAL ALBUM,album,4,1E1oc1ra8WZaeAKzq7YMT3,Good Love,19,False,200101,2015-07-16,['SUPER JUNIOR']
DEVIL - SUPER JUNIOR SPECIAL ALBUM,album,5,49tbV5He5KW2txqzyaLEgE,We Can - sung by SUPER JUNIOR-K.R.Y.,29,False,237977,2015-07-16,['SUPER JUNIOR']
DEVIL - SUPER JUNIOR SPECIAL ALBUM,album,6,4OOLB4Av78RNc98neW2AOE,Don’t Wake Me Up - sung by SUPER JUNIOR-D&E,27,False,188035,2015-07-16,['SUPER JUNIOR']
DEVIL - SUPER JUNIOR SPECIAL ALBUM,album,7,1gSCmwtMOUhC0CeFd9w11A,첫눈에 반했습니다 Love at First Sight - sung by SUPER JUNIOR-T,21,False,224006,2015-07-16,['SUPER JUNIOR']
DEVIL - SUPER JUNIOR SPECIAL ALBUM,album,8,7cfZuBPq6cp22p0LZ9Rwre,每天 Forever with You - sung by SUPER JUNIOR-M,16,False,191977,2015-07-16,['SUPER JUNIOR']
DEVIL - SUPER JUNIOR SPECIAL ALBUM,album,9,3TywRTYUeHGw1az3N8g4fc,Rock'n Shine!,16,False,235385,2015-07-16,['SUPER JUNIOR']
DEVIL - SUPER JUNIOR SPECIAL ALBUM,album,10,6wBfDGYfGIFgIsi1PnG6vN,Alright,30,False,235251,2015-07-16,['SUPER JUNIOR']
THIS IS LOVE - The 7th Album Special Edition,album,1,6lgXv0RDSeRGgmY7fkqcNl,THIS IS LOVE - Stage Version,29,False,247819,2014-10-23,['SUPER JUNIOR']
THIS IS LOVE - The 7th Album Special Edition,album,2,3Lpbkd4xU7Mlx1IDSLg28D,Hit Me Up,21,False,204077,2014-10-23,['SUPER JUNIOR']
THIS IS LOVE - The 7th Album Special Edition,album,3,5JSqpg5r11dfbzdMx6k8dm,MAMACITA (야야야),23,False,207743,2014-10-23,['SUPER JUNIOR']
THIS IS LOVE - The 7th Album Special Edition,album,4,3iD1SiAp0ndDV2SXOhEvnU,춤을 춘다 (Midnight Blues),18,False,261735,2014-10-23,['SUPER JUNIOR']
THIS IS LOVE - The 7th Album Special Edition,album,5,2px3YI9BHY0O4GKQHm5zwG,Don't Leave Me,30,False,221296,2014-10-23,['SUPER JUNIOR']
THIS IS LOVE - The 7th Album Special Edition,album,6,6JQOuvbcp58d5M6QHNpkMT,중 (...ing),26,False,256672,2014-10-23,['SUPER JUNIOR']
THIS IS LOVE - The 7th Album Special Edition,album,7,1DBYW7Hg49FTJhNavj7v6O,백일몽 (Evanesce),26,False,224278,2014-10-23,['SUPER JUNIOR']
THIS IS LOVE - The 7th Album Special Edition,album,8,3aGxrnxE7Sqre4Mni1FUjR,사랑이 멎지 않게 (Raining Spell for Love),20,False,202769,2014-10-23,['SUPER JUNIOR']
THIS IS LOVE - The 7th Album Special Edition,album,9,0nvywFsLnMFNykNvnPJLYm,Shirt,20,False,208778,2014-10-23,['SUPER JUNIOR']
THIS IS LOVE - The 7th Album Special Edition,album,10,6JjmUrhVtmGBO7fmndL5YU,Let's Dance,17,False,225320,2014-10-23,['SUPER JUNIOR']
THIS IS LOVE - The 7th Album Special Edition,album,11,1MoQtCkm84Gyxj0mAeHex4,Too Many Beautiful Girls,17,False,200126,2014-10-23,['SUPER JUNIOR']
THIS IS LOVE - The 7th Album Special Edition,album,12,21D4x45WCPCZe7nVjuXp2m,환절기 (Mid-season),17,False,241359,2014-10-23,['SUPER JUNIOR']
THIS IS LOVE - The 7th Album Special Edition,album,13,5QVf2GNsSBzxqHHPRjK0x7,Islands,19,False,267636,2014-10-23,['SUPER JUNIOR']
MAMACITA - The 7th Album,album,1,23z7nLq4CD83EyzeeIokkt,Mamacita (아야야),51,False,207743,2014-08-29,['SUPER JUNIOR']
MAMACITA - The 7th Album,album,2,1sKpXv77roC3zU957aqYBK,춤을 춘다 (Midnight Blues),29,False,261735,2014-08-29,['SUPER JUNIOR']
MAMACITA - The 7th Album,album,3,3Cfr2LapTw15PQljS7wxLs,백일몽 (Evanesce),41,False,224278,2014-08-29,['SUPER JUNIOR']
MAMACITA - The 7th Album,album,4,7j4r8X575ZnyWk0jkukNp7,사랑이 멎지 않게 (Raining Spell for Love),28,False,202769,2014-08-29,['SUPER JUNIOR']
MAMACITA - The 7th Album,album,5,4Es8ZcU76088PMTIrF4XDV,Shirt,33,False,208778,2014-08-29,['SUPER JUNIOR']
MAMACITA - The 7th Album,album,6,6frJDLf3X7gd7YYDTpfQMb,This Is Love,40,False,229262,2014-08-29,['SUPER JUNIOR']
MAMACITA - The 7th Album,album,7,4VTlGxME0JegXQXsOEGvo1,Let's Dance,32,False,225320,2014-08-29,['SUPER JUNIOR']
MAMACITA - The 7th Album,album,8,0RLdPC5c5cxovaxO3Sl1qZ,Too Many Beautiful Girls,26,False,200126,2014-08-29,['SUPER JUNIOR']
MAMACITA - The 7th Album,album,9,3om8NL6FR3Qml33yY5UqoW,환절기 (Mid-season),24,False,241359,2014-08-29,['SUPER JUNIOR']
MAMACITA - The 7th Album,album,10,1TNHoFpfP3ajQYtSwMhKOb,Islands,34,False,267636,2014-08-29,['SUPER JUNIOR']
Hero,album,1,6tm5qaDbqW4d4SG49Yf2Xw,INTRO - SUPERMAN PRELUDE -,12,False,69320,2013-07-24,['SUPER JUNIOR']
Hero,album,2,3TBlPPyZ4dkEJrknWX7ESt,★BAMBINA★,25,False,264346,2013-07-24,['SUPER JUNIOR']
Hero,album,3,5FrHxM4n08REjf38Rhlu3X,"Sexy, Free & Single",20,False,223440,2013-07-24,['SUPER JUNIOR']
Hero,album,4,64swGiMZC2OQ6uCbCTT6vq,Mr.Simple,24,False,239840,2013-07-24,['SUPER JUNIOR']
Hero,album,5,5jfUFsva281fCpNQIgCWrG,Opera,25,False,181893,2013-07-24,['SUPER JUNIOR']
Hero,album,6,3VLzY70TXt1xStzX1E9AZe,Wonder Boy - Japanese ver.,13,False,197480,2013-07-24,['SUPER JUNIOR']
Hero,album,7,0WAylNNlHoHdHXUUeI5dlV,Our Love,14,False,371400,2013-07-24,['SUPER JUNIOR']
Hero,album,8,66rcb3nFW4CTBonDuCjjiD,A-CHA - Japanese ver.,13,False,199293,2013-07-24,['SUPER JUNIOR']
Hero,album,9,2nj1sgxphmdjzvcRM38D28,美人(BONAMANA) - Japanese Version,16,False,238986,2013-07-24,['SUPER JUNIOR']
Hero,album,10,0ro8riH7rokhYrPk1nPiLf,TUXEDO,17,False,231546,2013-07-24,['SUPER JUNIOR']
Hero,album,11,7mxmW7wSl79QWylj3UObyc,Way,21,False,286813,2013-07-24,['SUPER JUNIOR']
Hero,album,12,4V5jEKAcN3MHdN5jyOANwz,Hero,23,False,280226,2013-07-24,['SUPER JUNIOR']
Hero,album,13,4jU82W0YKeynFCnGed9QMQ,Hero - Performance ver.,11,False,280240,2013-07-24,['SUPER JUNIOR']
Hero,album,1,6LcuMTqLZKEwEZDLIggkFd,I WANNA DANCE,21,False,206760,2013-07-24,"['DONGHAE', 'EUNHYUK']"
Hero,album,2,2nkcPQ2hwcXYM7IcBaa9dk,太完美 (Perfection) - Japanese Version,10,False,205346,2013-07-24,['SUPER JUNIOR-M']
Hero,album,3,6kck2CLvHnT6A1R3CY4g8l,Promise You,17,False,249226,2013-07-24,['SUPER JUNIOR-K.R.Y.']
Hero,album,4,3xNH3hOSL46avGU3OYgjTO,明日のために、,10,False,290640,2013-07-24,"['SUPER JUNIOR-T', 'モエヤン']"
Hero,album,5,3iimdMABK794kTkhJVXud3,命運線 (Destiny) - Japanese Version,14,False,286280,2013-07-24,['SUPER JUNIOR-M']
Hero,album,6,6J02c1ylDSvmKDxo0FdoXk,"Oppa, Oppa",26,False,196933,2013-07-24,"['DONGHAE', 'EUNHYUK']"
Hero,album,7,3CK5Od9DAGX0lPfPhOj4HM,ロクゴ!,10,False,178400,2013-07-24,"['SUPER JUNIOR-T', 'モエヤン']"
Hero,album,8,7vnwpY2MpWVVaWAFTMoo6s,Love That I Need,16,False,204360,2013-07-24,"['DONGHAE', 'EUNHYUK', 'Henry']"
Hero,album,9,0TDqsbAUf3kpsBhL32eqgR,First Love,28,False,125680,2013-07-24,['DONGHAE']
Hero,album,10,46EDfvBNs5t9cmEfkckkg6,ハナミズキ,14,False,305026,2013-07-24,['SUPER JUNIOR-K.R.Y.']
Hero,album,1,6tm5qaDbqW4d4SG49Yf2Xw,INTRO - SUPERMAN PRELUDE -,12,False,69320,2013-07-24,['SUPER JUNIOR']
Hero,album,2,3TBlPPyZ4dkEJrknWX7ESt,★BAMBINA★,25,False,264346,2013-07-24,['SUPER JUNIOR']
Hero,album,3,5FrHxM4n08REjf38Rhlu3X,"Sexy, Free & Single",20,False,223440,2013-07-24,['SUPER JUNIOR']
Hero,album,4,64swGiMZC2OQ6uCbCTT6vq,Mr.Simple,24,False,239840,2013-07-24,['SUPER JUNIOR']
Hero,album,5,5jfUFsva281fCpNQIgCWrG,Opera,25,False,181893,2013-07-24,['SUPER JUNIOR']
Hero,album,6,3VLzY70TXt1xStzX1E9AZe,Wonder Boy - Japanese ver.,13,False,197480,2013-07-24,['SUPER JUNIOR']
Hero,album,7,0WAylNNlHoHdHXUUeI5dlV,Our Love,14,False,371400,2013-07-24,['SUPER JUNIOR']
Hero,album,8,66rcb3nFW4CTBonDuCjjiD,A-CHA - Japanese ver.,13,False,199293,2013-07-24,['SUPER JUNIOR']
Hero,album,9,2nj1sgxphmdjzvcRM38D28,美人(BONAMANA) - Japanese Version,16,False,238986,2013-07-24,['SUPER JUNIOR']
Hero,album,10,0ro8riH7rokhYrPk1nPiLf,TUXEDO,17,False,231546,2013-07-24,['SUPER JUNIOR']
Hero,album,11,7mxmW7wSl79QWylj3UObyc,Way,21,False,286813,2013-07-24,['SUPER JUNIOR']
Hero,album,12,4V5jEKAcN3MHdN5jyOANwz,Hero,23,False,280226,2013-07-24,['SUPER JUNIOR']
Hero,album,13,4jU82W0YKeynFCnGed9QMQ,Hero - Performance ver.,11,False,280240,2013-07-24,['SUPER JUNIOR']
Hero,album,1,6LcuMTqLZKEwEZDLIggkFd,I WANNA DANCE,21,False,206760,2013-07-24,"['DONGHAE', 'EUNHYUK']"
Hero,album,2,2nkcPQ2hwcXYM7IcBaa9dk,太完美 (Perfection) - Japanese Version,10,False,205346,2013-07-24,['SUPER JUNIOR-M']
Hero,album,3,6kck2CLvHnT6A1R3CY4g8l,Promise You,17,False,249226,2013-07-24,['SUPER JUNIOR-K.R.Y.']
Hero,album,4,3xNH3hOSL46avGU3OYgjTO,明日のために、,10,False,290640,2013-07-24,"['SUPER JUNIOR-T', 'モエヤン']"
Hero,album,5,3iimdMABK794kTkhJVXud3,命運線 (Destiny) - Japanese Version,14,False,286280,2013-07-24,['SUPER JUNIOR-M']
Hero,album,6,6J02c1ylDSvmKDxo0FdoXk,"Oppa, Oppa",26,False,196933,2013-07-24,"['DONGHAE', 'EUNHYUK']"
Hero,album,7,3CK5Od9DAGX0lPfPhOj4HM,ロクゴ!,10,False,178400,2013-07-24,"['SUPER JUNIOR-T', 'モエヤン']"
Hero,album,8,7vnwpY2MpWVVaWAFTMoo6s,Love That I Need,16,False,204360,2013-07-24,"['DONGHAE', 'EUNHYUK', 'Henry']"
Hero,album,9,0TDqsbAUf3kpsBhL32eqgR,First Love,28,False,125680,2013-07-24,['DONGHAE']
Hero,album,10,46EDfvBNs5t9cmEfkckkg6,ハナミズキ,14,False,305026,2013-07-24,['SUPER JUNIOR-K.R.Y.']
SUPER SHOW 4 - SUPER JUNIOR WORLD TOUR,album,1,3OBlC6Lld2CsF3kzA8aoqm,Intro - Live,7,False,240880,2013-06-27,['SUPER JUNIOR']
SUPER SHOW 4 - SUPER JUNIOR WORLD TOUR,album,2,14IBF5kQfZqIAPKOHkxP1A,"SUPERMAN - Rearranged, Live",18,False,294466,2013-06-27,['SUPER JUNIOR']
SUPER SHOW 4 - SUPER JUNIOR WORLD TOUR,album,3,3qpwxVylll7p4ISHV76vln,Opera - Live,12,False,225573,2013-06-27,['SUPER JUNIOR']
SUPER SHOW 4 - SUPER JUNIOR WORLD TOUR,album,4,4Xih5aDNWGgojtivBMj0mF,"Twins (Knock Out) - Rearranged, Live",9,False,207226,2013-06-27,['SUPER JUNIOR']
SUPER SHOW 4 - SUPER JUNIOR WORLD TOUR,album,5,77U0F6DxzoeUTZDYKjmmzH,"A Man In Love - Rearranged, Live",11,False,250720,2013-06-27,['SUPER JUNIOR']
SUPER SHOW 4 - SUPER JUNIOR WORLD TOUR,album,6,4gCRITi0Tk1KkuPs4tOAT9,"Bonamana - Rearranged, Live",12,False,328011,2013-06-27,['SUPER JUNIOR']
SUPER SHOW 4 - SUPER JUNIOR WORLD TOUR,album,7,7taY7TyaKnwQiLgRBaQgkr,You're My Endless Love - Live,8,False,273906,2013-06-27,['SUPER JUNIOR']
SUPER SHOW 4 - SUPER JUNIOR WORLD TOUR,album,8,2ZDPfAgaL90zUH2rvZ5jiS,Oops!! - Live,8,False,246453,2013-06-27,"['SUPER JUNIOR', 'f(x)']"
SUPER SHOW 4 - SUPER JUNIOR WORLD TOUR,album,9,5IPmSasXUkWcQnMYGQ4sV7,Wonder Boy - Live,9,False,109826,2013-06-27,['SUPER JUNIOR']
SUPER SHOW 4 - SUPER JUNIOR WORLD TOUR,album,10,6RtOgJMYuvC84H6YsEMNPF,Rokuko - Live,9,False,188373,2013-06-27,['SUPER JUNIOR']
SUPER SHOW 4 - SUPER JUNIOR WORLD TOUR,album,11,1Pf5tcrRnpnmMz3C0Fy8P2,Walkin' - Live,9,False,252280,2013-06-27,['SUPER JUNIOR']
SUPER SHOW 4 - SUPER JUNIOR WORLD TOUR,album,12,63qDfNVDt76v0thVjuNmzK,Baby - Live,7,False,268733,2013-06-27,['Henry']
SUPER SHOW 4 - SUPER JUNIOR WORLD TOUR,album,13,05HhVZBtKkx633Nr6m28ZB,Say My Name - Live,13,False,291226,2013-06-27,['EUNHYUK']
SUPER SHOW 4 - SUPER JUNIOR WORLD TOUR,album,14,5KWxUARyPr1QWBMWlAvmVj,물들어 - Live,9,False,190493,2013-06-27,['SUNGMIN']
SUPER SHOW 4 - SUPER JUNIOR WORLD TOUR,album,15,2Pq0OTIaawkWXTCyUiJX0e,Isn't She Lovely - Live,13,False,257493,2013-06-27,['KYUHYUN']
SUPER SHOW 4 - SUPER JUNIOR WORLD TOUR,album,1,4hXEHmXx0D4Y9LJIo0Shi2,Moves Like Jagger - Live,14,False,222639,2013-06-27,['RYEOWOOK']
SUPER SHOW 4 - SUPER JUNIOR WORLD TOUR,album,2,2VU78oxE6zoy7UiEZvSOCE,She - Live,11,False,191853,2013-06-27,['LEETEUK']
SUPER SHOW 4 - SUPER JUNIOR WORLD TOUR,album,3,37FkMg3nRHurCsKSbYYlSp,"Twinkle, Twinkle Little Star - Live",6,False,215946,2013-06-27,['SHINDONG']
SUPER SHOW 4 - SUPER JUNIOR WORLD TOUR,album,4,55T2fGiU7F87txA6koNgSM,Good Friends - Live,6,False,244946,2013-06-27,['SUPER JUNIOR']
SUPER SHOW 4 - SUPER JUNIOR WORLD TOUR,album,5,4ZKgOEghxHmusfpHkm93yR,Pajama Party - Live,14,False,224653,2013-06-27,['SUPER JUNIOR']
SUPER SHOW 4 - SUPER JUNIOR WORLD TOUR,album,6,5hjVkJKBQNHD3FTMrovHz9,Feels Good - Live,6,False,201960,2013-06-27,['SUPER JUNIOR']
SUPER SHOW 4 - SUPER JUNIOR WORLD TOUR,album,7,0GEWV2QaMG64QvZlON8LN6,"Perfection - Korean Version, Live",9,False,235466,2013-06-27,['SUPER JUNIOR']
SUPER SHOW 4 - SUPER JUNIOR WORLD TOUR,album,8,79RT8CcFig320a4fUV7iFG,A-CHA - Live,9,False,200560,2013-06-27,['SUPER JUNIOR']
SUPER SHOW 4 - SUPER JUNIOR WORLD TOUR,album,9,1OvVei7ZHVmPkdlgz1qo63,"Mr. Simple - Rearranged, Live",10,False,301666,2013-06-27,['SUPER JUNIOR']
SUPER SHOW 4 - SUPER JUNIOR WORLD TOUR,album,10,0QqoGuvhOsY65dYAcMUiLF,"Don't Don - Rearranged, Live",7,False,248920,2013-06-27,['SUPER JUNIOR']
SUPER SHOW 4 - SUPER JUNIOR WORLD TOUR,album,11,0jHfJ7x2xo0kCb7xFD5gXB,Because Of You - Live,7,False,162186,2013-06-27,['ZHOUMI']
SUPER SHOW 4 - SUPER JUNIOR WORLD TOUR,album,12,0SoDeKoXcjdvVbPnzB3SUU,Kiss Me - Live,8,False,216746,2013-06-27,['YESUNG']
SUPER SHOW 4 - SUPER JUNIOR WORLD TOUR,album,13,3YbwOxLBfDxZCv9HplL8q2,Your Grace Is Enough - Live,11,False,247946,2013-06-27,['CHOI SIWON']
SUPER SHOW 4 - SUPER JUNIOR WORLD TOUR,album,14,3GzJjD0RBv7jU42adanpIH,"Oppa, Oppa - Live",9,False,245186,2013-06-27,"['DONGHAE', 'EUNHYUK']"
SUPER SHOW 4 - SUPER JUNIOR WORLD TOUR,album,15,4P4Ru5H0NU8ZrnzT3pcI9F,Storm - Live,15,False,257586,2013-06-27,['SUPER JUNIOR']
SUPER SHOW 4 - SUPER JUNIOR WORLD TOUR,album,16,5UgohZNhplb8urLaN7aiwj,Y - Live,8,False,209827,2013-06-27,['SUPER JUNIOR']
SUPER SHOW 4 - SUPER JUNIOR WORLD TOUR,album,1,25KWYVv7P4QAG4uA2xJcqr,You & I - Live,13,False,285331,2013-06-27,['SUPER JUNIOR']
SUPER SHOW 4 - SUPER JUNIOR WORLD TOUR,album,2,6Oz8rfA7OCLPNJNHzbHxtN,"Lovely Day - Rearranged, Live",10,False,194053,2013-06-27,['SUPER JUNIOR']
SUPER SHOW 4 - SUPER JUNIOR WORLD TOUR,album,3,3RPwfvWDS3rX0vYsEDpJT7,"Our Love - Rearranged, Live",10,False,399653,2013-06-27,['SUPER JUNIOR']
SUPER SHOW 4 - SUPER JUNIOR WORLD TOUR,album,4,2NUPJNiD3ifSg7njnMNgNp,Do-Re-Mi - Live,9,False,251560,2013-06-27,['SUPER JUNIOR']
SUPER SHOW 4 - SUPER JUNIOR WORLD TOUR,album,5,6R1OiuciacMMWxWu6CfRqj,White Christmas - Live,6,False,214346,2013-06-27,['SUPER JUNIOR']
SUPER SHOW 4 - SUPER JUNIOR WORLD TOUR,album,6,3e0ZLP3jXCsCnDfFx4LzTI,"Dancing Out - Rearranged, Live",6,False,206733,2013-06-27,['SUPER JUNIOR']
SUPER SHOW 4 - SUPER JUNIOR WORLD TOUR,album,7,1PzoTusfXbUvPsDqeKhqlF,"U - Rearranged, Live",8,False,303826,2013-06-27,['SUPER JUNIOR']
SUPER SHOW 4 - SUPER JUNIOR WORLD TOUR,album,8,5nTk13oPeKcc70pz6kN8rl,"Sorry, Sorry - Live",8,False,252920,2013-06-27,['SUPER JUNIOR']
SUPER SHOW 4 - SUPER JUNIOR WORLD TOUR,album,9,6yBuedXa90RPOFpC6oDiS9,"Miracle - Rearranged, Live",10,False,330532,2013-06-27,['SUPER JUNIOR']
SUPER SHOW 4 - SUPER JUNIOR WORLD TOUR,album,10,2NwKVYbSgq9xYJiRhNqrIY,"Destiny - Korean Version, Live",8,False,290506,2013-06-27,['SUPER JUNIOR']
SUPER SHOW 4 - SUPER JUNIOR WORLD TOUR,album,11,3XfZuqqNJA6viY0UXP3nOq,Bonamana - Rearranged Studio Version,11,False,330520,2013-06-27,['SUPER JUNIOR']
SUPER SHOW 4 - SUPER JUNIOR WORLD TOUR,album,12,0x5VHzj4ach5XQ3SanZUDD,Lovely Day - Rearranged Studio Version,10,False,202466,2013-06-27,['SUPER JUNIOR']
SUPER SHOW 4 - SUPER JUNIOR WORLD TOUR,album,13,65TEVBaydyqnEwOJHjQC8Y,Miracle - Rearranged Studio Version,9,False,315146,2013-06-27,['SUPER JUNIOR']
SUPER SHOW 4 - SUPER JUNIOR WORLD TOUR,album,14,1n7rpGOIqSF7cGbS8jgo98,"Destiny - Korean Version, Studio Version",12,False,290548,2013-06-27,['SUPER JUNIOR']
SPY - The 6th Album Repackage,album,1,7dvkiY0WHyEBluz8bcz2oY,"Sexy, Free & Single",25,False,225880,2012-08-05,['SUPER JUNIOR']
SPY - The 6th Album Repackage,album,2,4SxuFEgctsMqfiKBYJPNa5,SPY,42,False,195306,2012-08-05,['SUPER JUNIOR']
SPY - The 6th Album Repackage,album,3,2kUBQuXvsB9OHpcjcANQuk,너로부터 (From U),22,False,192706,2012-08-05,['SUPER JUNIOR']
SPY - The 6th Album Repackage,album,4,06QGGcOzluRCno5panqKgU,Outsider,16,False,187093,2012-08-05,['SUPER JUNIOR']
SPY - The 6th Album Repackage,album,5,0ElyviAmPCWaumxyMeVIgl,Only U,32,False,217853,2012-08-05,['SUPER JUNIOR']
SPY - The 6th Album Repackage,album,6,2g2XvTHoa4JK27e81x8sXZ,하루 (HARU),29,False,210480,2012-08-05,['SUPER JUNIOR']
SPY - The 6th Album Repackage,album,7,3kgFL5gFPBDQbZWSTI334w,NOW,14,False,235026,2012-08-05,['SUPER JUNIOR']
SPY - The 6th Album Repackage,album,8,4kmjGJIpX2VlqWBhv5hMIm,Rockstar,18,False,193413,2012-08-05,['SUPER JUNIOR']
SPY - The 6th Album Repackage,album,9,35GGZEFu6h4wlpv1224Sfu,걸리버 (Gulliver),16,False,206973,2012-08-05,['SUPER JUNIOR']
SPY - The 6th Album Repackage,album,10,1f8FslJaD5sBUGZp9iqM89,언젠가는 (Someday),18,False,254506,2012-08-05,['SUPER JUNIOR']
SPY - The 6th Album Repackage,album,11,6tEFRqLDDxFpPf3jshNAvP,달콤씁쓸 (Bittersweet),19,False,207480,2012-08-05,['SUPER JUNIOR']
SPY - The 6th Album Repackage,album,12,0zsPP5TPoxCdDLsl5COhUS,빠삐용 (Butterfly),15,False,189813,2012-08-05,['SUPER JUNIOR']
SPY - The 6th Album Repackage,album,13,5kPi4rFMGaSFFrWOzYst1o,머문다 (Daydream),19,False,226213,2012-08-05,['SUPER JUNIOR']
SPY - The 6th Album Repackage,album,14,3yY6DSSnQo697lNnPzS8hW,헤어지는 날 (A ‘Good’bye),15,False,228453,2012-08-05,['SUPER JUNIOR']
"Sexy, Free & Single - The 6th Album",album,1,2jPHe6VueFXqnBsACw0EHy,"Sexy, Free & Single",22,False,223881,2012-07-01,['SUPER JUNIOR']
"Sexy, Free & Single - The 6th Album",album,2,1Nb3XOYjrxgLgtkKbRti9o,너로부터 (From U),16,False,190705,2012-07-01,['SUPER JUNIOR']
"Sexy, Free & Single - The 6th Album",album,3,7hrRxaOeCvmFptTV6nJboO,NOW,8,False,233034,2012-07-01,['SUPER JUNIOR']
"Sexy, Free & Single - The 6th Album",album,4,7w3dG74pOAItmfKdJBFAA2,Rockstar,12,False,191402,2012-07-01,['SUPER JUNIOR']
"Sexy, Free & Single - The 6th Album",album,5,0ZIT78LdWR0E5BkwBp4maR,걸리버 (Gulliver),10,False,204979,2012-07-01,['SUPER JUNIOR']
"Sexy, Free & Single - The 6th Album",album,6,70jeu4TUsbiF6PLNbNqlGD,언젠가는 (Someday),13,False,252509,2012-07-01,['SUPER JUNIOR']
"Sexy, Free & Single - The 6th Album",album,7,68AYkhtLwi1jAAsllvVEb6,달콤씁쓸 (Bittersweet),14,False,205472,2012-07-01,['SUPER JUNIOR']
"Sexy, Free & Single - The 6th Album",album,8,4p50lgq4vQz9a5fWdInyDT,빠삐용 (Butterfly),10,False,187815,2012-07-01,['SUPER JUNIOR']
"Sexy, Free & Single - The 6th Album",album,9,6Rex7ydqaF957qy58VCPoM,머문다 (Daydream),14,False,224212,2012-07-01,['SUPER JUNIOR']
"Sexy, Free & Single - The 6th Album",album,10,0mF4yRBqnLygBTtwKMxCCX,헤어지는 날 (A ‘Good’bye),11,False,228442,2012-07-01,['SUPER JUNIOR']
"Sexy, Free & Single - The 6th Album",album,1,2jPHe6VueFXqnBsACw0EHy,"Sexy, Free & Single",22,False,223881,2012-07-01,['SUPER JUNIOR']
"Sexy, Free & Single - The 6th Album",album,2,1Nb3XOYjrxgLgtkKbRti9o,너로부터 (From U),16,False,190705,2012-07-01,['SUPER JUNIOR']
"Sexy, Free & Single - The 6th Album",album,3,7hrRxaOeCvmFptTV6nJboO,NOW,8,False,233034,2012-07-01,['SUPER JUNIOR']
"Sexy, Free & Single - The 6th Album",album,4,7w3dG74pOAItmfKdJBFAA2,Rockstar,12,False,191402,2012-07-01,['SUPER JUNIOR']
"Sexy, Free & Single - The 6th Album",album,5,0ZIT78LdWR0E5BkwBp4maR,걸리버 (Gulliver),10,False,204979,2012-07-01,['SUPER JUNIOR']
"Sexy, Free & Single - The 6th Album",album,6,70jeu4TUsbiF6PLNbNqlGD,언젠가는 (Someday),13,False,252509,2012-07-01,['SUPER JUNIOR']
"Sexy, Free & Single - The 6th Album",album,7,68AYkhtLwi1jAAsllvVEb6,달콤씁쓸 (Bittersweet),14,False,205472,2012-07-01,['SUPER JUNIOR']
"Sexy, Free & Single - The 6th Album",album,8,4p50lgq4vQz9a5fWdInyDT,빠삐용 (Butterfly),10,False,187815,2012-07-01,['SUPER JUNIOR']
"Sexy, Free & Single - The 6th Album",album,9,6Rex7ydqaF957qy58VCPoM,머문다 (Daydream),14,False,224212,2012-07-01,['SUPER JUNIOR']
"Sexy, Free & Single - The 6th Album",album,10,0mF4yRBqnLygBTtwKMxCCX,헤어지는 날 (A ‘Good’bye),11,False,228442,2012-07-01,['SUPER JUNIOR']
Super Show 3 (The 3rd Asia Tour Concert Album),album,1,72ibcgUxky2c1cauPJC1c3,3rd GATE - Live,6,False,177413,2011-10-24,['SUPER JUNIOR']
Super Show 3 (The 3rd Asia Tour Concert Album),album,2,7BE5IGdWhVB2gohEnnWu9z,"Sorry, Sorry - Rearranged, Live",9,False,428104,2011-10-24,['SUPER JUNIOR']
Super Show 3 (The 3rd Asia Tour Concert Album),album,3,3bc02lMRC3y7vqZ5hbG28b,"Super Girl - Rearranged, Live",26,False,245666,2011-10-24,['SUPER JUNIOR']
Super Show 3 (The 3rd Asia Tour Concert Album),album,4,4ywjocHkT1rgS9IBii0DiQ,"Don't Don - Rearranged, Live",8,False,293247,2011-10-24,['SUPER JUNIOR']
Super Show 3 (The 3rd Asia Tour Concert Album),album,5,31BeMwQOQslnTkQ3BeCL83,No Other - Live,14,False,223222,2011-10-24,['SUPER JUNIOR']
Super Show 3 (The 3rd Asia Tour Concert Album),album,6,17zW5iTlqI59P3MbdQLQ86,Ment - Live,5,False,124498,2011-10-24,['SUPER JUNIOR']
Super Show 3 (The 3rd Asia Tour Concert Album),album,7,3CBI5ccjA5Lm26fkogJp56,Confession - Live,7,False,189707,2011-10-24,['SUPER JUNIOR']
Super Show 3 (The 3rd Asia Tour Concert Album),album,8,1NXTbeUrxtd9XgJVEoudJz,Good Person - Live,9,False,248077,2011-10-24,['SUPER JUNIOR']
Super Show 3 (The 3rd Asia Tour Concert Album),album,9,3wsYnPMlQ0w5HfbyhfoBLK,Rokuko - Live,8,False,200826,2011-10-24,['SUPER JUNIOR']
Super Show 3 (The 3rd Asia Tour Concert Album),album,10,13OfGZYIHkeLtaFnR7RRBW,One Fine Spring Day - Live,11,False,254064,2011-10-24,['RYEOWOOK']
Super Show 3 (The 3rd Asia Tour Concert Album),album,11,4uaL1wdIjgVK4I1sUD3j2B,That I Was Once By Your Side - Live,15,False,232940,2011-10-24,['KYUHYUN']
Super Show 3 (The 3rd Asia Tour Concert Album),album,12,0GZbA8KFE3fSpmxUmKwUz4,Looking for the Day - Live,10,False,185315,2011-10-24,['CHOI SIWON']
Super Show 3 (The 3rd Asia Tour Concert Album),album,13,35MkydSnYGavopgJGcMfON,I Wanna Love You - Live,22,False,225819,2011-10-24,"['EUNHYUK', 'DONGHAE']"
Super Show 3 (The 3rd Asia Tour Concert Album),album,14,4KUfP2Mg5fYwROS4fyozuy,The Way an Idol Breaks Up - Live,12,False,184628,2011-10-24,['KIM HEECHUL']
Super Show 3 (The 3rd Asia Tour Concert Album),album,15,63IoSEhspSOuRVrLi8GzTh,Champion - Live,5,False,154362,2011-10-24,['SHINDONG']
Super Show 3 (The 3rd Asia Tour Concert Album),album,16,1Em78ZOo0SmSAYNLLtdrQW,"Knock, Knock, Knock - Live",7,False,243241,2011-10-24,['SUPER JUNIOR']
Super Show 3 (The 3rd Asia Tour Concert Album),album,17,0rF1Pg7TXL8vBz0ObE2Eqp,You & I - Live,15,False,305135,2011-10-24,['SUPER JUNIOR']
Super Show 3 (The 3rd Asia Tour Concert Album),album,18,0dwjCcdUkMlLKL5M4ugnjR,Song for You - Live,14,False,224423,2011-10-24,['SUPER JUNIOR']
Super Show 3 (The 3rd Asia Tour Concert Album),album,19,1N1DktPyCXGKgAH59Ux8LB,Shake It Up! - Live,8,False,186211,2011-10-24,['SUPER JUNIOR']
Super Show 3 (The 3rd Asia Tour Concert Album),album,1,2O46c6jNzFdfHxRczIbDCu,Twins (Knock Out) - Live,6,False,250311,2011-10-24,['SUPER JUNIOR']
Super Show 3 (The 3rd Asia Tour Concert Album),album,2,2kGc4eB9Q9pCsYnZrC27R7,"Hate U, Love U - Live",7,False,226046,2011-10-24,['SUPER JUNIOR']
Super Show 3 (The 3rd Asia Tour Concert Album),album,3,5x8X1aLXjt20yVYNUwNZ9G,In My Dream - Live,10,False,304290,2011-10-24,['SUPER JUNIOR']
Super Show 3 (The 3rd Asia Tour Concert Album),album,4,1rnKDotOO9LCz4H1liAiik,All My Heart - Live,10,False,245466,2011-10-24,['SUPER JUNIOR']
Super Show 3 (The 3rd Asia Tour Concert Album),album,5,1ZPGnbMsRdPFrPWC2S5Zpa,It Has To Be You - Live,19,False,229777,2011-10-24,['YESUNG']
Super Show 3 (The 3rd Asia Tour Concert Album),album,6,6UpAP9SSvQ6eZZC9YcQ7yH,BONAMANA - Live,11,False,255962,2011-10-24,['SUPER JUNIOR']
Super Show 3 (The 3rd Asia Tour Concert Album),album,7,2rO2LPkWqofYfJOPY5MqRa,A Man In Love (Prelude) - Live,5,False,62129,2011-10-24,['SUPER JUNIOR']
Super Show 3 (The 3rd Asia Tour Concert Album),album,8,0GCz0E5d5fThUjW7aMxXmR,"A Man In Love - Rearranged, Live",13,False,278579,2011-10-24,['SUPER JUNIOR']
Super Show 3 (The 3rd Asia Tour Concert Album),album,9,2zAPZisFNbGgjXUQgMomrv,"U - Rearranged, Live",6,False,218407,2011-10-24,['SUPER JUNIOR']
Super Show 3 (The 3rd Asia Tour Concert Album),album,10,4Jo0vGo0YXZnX8UFReuw5M,"Dancing Out - Rearranged, Live",6,False,215122,2011-10-24,['SUPER JUNIOR']
Super Show 3 (The 3rd Asia Tour Concert Album),album,11,60CSjwI5cz331tN6P4HZ6g,"Cooking? Cooking! - Rearranged, Live",20,False,221287,2011-10-24,['SUPER JUNIOR']
Super Show 3 (The 3rd Asia Tour Concert Album),album,12,3gJHvwpjaXwyT7T2G7eSwW,"Way for Love - Rearranged, Live",7,False,239222,2011-10-24,['SUPER JUNIOR']
Super Show 3 (The 3rd Asia Tour Concert Album),album,13,6ZtXAAXowG54fNe4eXdJ2i,You Are the One - Live,6,False,229218,2011-10-24,['SUPER JUNIOR']
Super Show 3 (The 3rd Asia Tour Concert Album),album,14,0c6Pi06uIchMvcAsDUMldg,"Wonder Boy - Rearranged, Live",6,False,237195,2011-10-24,['SUPER JUNIOR']
Super Show 3 (The 3rd Asia Tour Concert Album),album,15,2v7k1tT8j2j5Uk3v3Dx4QM,I Wanna Love You - Studio Version,20,False,219981,2011-10-24,['SUPER JUNIOR']
Super Show 3 (The 3rd Asia Tour Concert Album),album,16,3WbKoCLYClOljgCXHQnj4J,"Sorry, Sorry - Rearranged, Studio Version",9,False,304353,2011-10-24,['SUPER JUNIOR']
Super Show 3 (The 3rd Asia Tour Concert Album),album,17,5BCDxYclhJyKjjKjc5CvPa,"Don't Don - Rearranged, Studio Version",7,False,287872,2011-10-24,['SUPER JUNIOR']
Super Show 3 (The 3rd Asia Tour Concert Album),album,18,6puEqDgw6GKlAFYjO18m9y,"Knock, Knock, Knock - Studio Version",13,False,238526,2011-10-24,['SUPER JUNIOR']
Mr.Simple - The 5th Album Repackage,album,1,6ysklgrcAcmUFItLQzWAdz,SUPERMAN,45,False,203933,2011-09-19,['SUPER JUNIOR']
Mr.Simple - The 5th Album Repackage,album,2,4WViO9vKhU4imbEj5ykdoY,A-CHA,39,False,200466,2011-09-19,['SUPER JUNIOR']
Mr.Simple - The 5th Album Repackage,album,3,3QECTXgKKKMQpCO7ulSvLV,Mr. Simple,33,False,241826,2011-09-19,['SUPER JUNIOR']
Mr.Simple - The 5th Album Repackage,album,4,0sHXF4fN2WM5HUZz9ASj6f,Oops!!,25,False,226040,2011-09-19,"['SUPER JUNIOR', 'f(x)']"
Mr.Simple - The 5th Album Repackage,album,5,7ImuTxQBD1mK5ZnpcHO79P,하루에 (A Day),24,False,208920,2011-09-19,['SUPER JUNIOR']
Mr.Simple - The 5th Album Repackage,album,6,27eDmXYfu3F9hkQCcWvpET,안단테 (Andante),28,False,188013,2011-09-19,['SUPER JUNIOR']
Mr.Simple - The 5th Album Repackage,album,7,1jL6bQCVvQNXzNcGqtpStp,오페라 (Opera),22,False,183506,2011-09-19,['SUPER JUNIOR']
Mr.Simple - The 5th Album Repackage,album,8,4vdzyNmgiBBIcts3ksE0rE,라라라라 (Be My Girl),15,False,191453,2011-09-19,['SUPER JUNIOR']
Mr.Simple - The 5th Album Repackage,album,9,6O9djl1snLrtWMjUjYsaER,Walkin’,20,False,228626,2011-09-19,['SUPER JUNIOR']
Mr.Simple - The 5th Album Repackage,album,10,6ciWIhqNVaEsKyuuhElnlE,폭풍 (Storm),18,False,258933,2011-09-19,['SUPER JUNIOR']
Mr.Simple - The 5th Album Repackage,album,11,56dzC9jIqqGjoSfKQDdAY3,어느새 우린 (Good Friends),14,False,239813,2011-09-19,['SUPER JUNIOR']
Mr.Simple - The 5th Album Repackage,album,12,4D0WGvS62eiMxzLq2a8vyk,결투 (Feels Good),14,False,201320,2011-09-19,['SUPER JUNIOR']
Mr.Simple - The 5th Album Repackage,album,13,2xh7RBZEVfuUyIyYwdpgYO,기억을 따라 (Memories),20,False,253493,2011-09-19,['SUPER JUNIOR']
Mr.Simple - The 5th Album Repackage,album,14,40AafuMmd4rq6e9euEnNDw,해바라기 (Sunflower),15,False,234040,2011-09-19,['SUPER JUNIOR']
Mr.Simple - The 5th Album Repackage,album,15,1vuwCLnmzSMDJnPevMRKib,엉뚱한 상상 (White Christmas),14,False,218773,2011-09-19,['SUPER JUNIOR']
Mr.Simple - The 5th Album Repackage,album,16,1pjdoyXRVFHm9NeKHZUsRH,Y,17,False,209640,2011-09-19,['SUPER JUNIOR']
Mr.Simple - The 5th Album Repackage,album,17,2a9vfmpYOsQb2kB52VlfnN,"My Love, My Kiss, My Heart",19,False,220066,2011-09-19,['SUPER JUNIOR']
Mr. Simple - The 5th Album,album,1,6QTBYKLlV2PQniwAWrBV2z,Mr. Simple,56,False,241826,2011-08-02,['SUPER JUNIOR']
Mr. Simple - The 5th Album,album,2,1SjOMjfhmrDTLqoMwuBd5m,오페라 (Opera),37,False,183493,2011-08-02,['SUPER JUNIOR']
Mr. Simple - The 5th Album,album,3,21hJ1X10jUoPFrAOixU6fa,라라라라 (Be My Girl),22,False,191466,2011-08-02,['SUPER JUNIOR']
Mr. Simple - The 5th Album,album,4,7h08fXQPAk18LnvAwWzyOr,Walkin’,36,False,228626,2011-08-02,['SUPER JUNIOR']
Mr. Simple - The 5th Album,album,5,5C28wAEWMPSYJojm77ggCt,폭풍 (Storm),28,False,258933,2011-08-02,['SUPER JUNIOR']
Mr. Simple - The 5th Album,album,6,3UG368VNfollgtZAzyH4yQ,어느새 우린 (Good Friends),19,False,239813,2011-08-02,['SUPER JUNIOR']
Mr. Simple - The 5th Album,album,7,7xQGToxD9qQNXET3aCYvYa,결투 (Feels Good),20,False,201320,2011-08-02,['SUPER JUNIOR']
Mr. Simple - The 5th Album,album,8,5ZZ7k0X08cQWeJJDKFqalV,기억을 따라 (Memories),32,False,253493,2011-08-02,['SUPER JUNIOR']
Mr. Simple - The 5th Album,album,9,6WcYCskFyPMX42KZji3yLl,해바라기 (Sunflower),23,False,234040,2011-08-02,['SUPER JUNIOR']
Mr. Simple - The 5th Album,album,10,47yy0LK9wi6vYD8CE7Eh4n,엉뚱한 상상 (White Christmas),20,False,218773,2011-08-02,['SUPER JUNIOR']
Mr. Simple - The 5th Album,album,11,7auu7wd7g9LRmF3Z5Ki1Gg,Y,27,False,209640,2011-08-02,['SUPER JUNIOR']
Mr. Simple - The 5th Album,album,12,38szOedKXBxyaZ59hSHyQE,"My Love, My Kiss, My Heart",27,False,222053,2011-08-02,['SUPER JUNIOR']
Mr. Simple - The 5th Album,album,13,1gmR5AoPKkn9Er0w66jDLX,태완미 (太完美 Perfection),31,False,204786,2011-08-02,['SUPER JUNIOR']
미인아 (Bonamana) - The 4th Album Repackage,album,1,1OjX0RLZIFKsdjodvHiG95,미인아 Bonamana,33,False,239186,2010-06-25,['SUPER JUNIOR']
미인아 (Bonamana) - The 4th Album Repackage,album,2,6lTB8MISIFcEI4Rspwn4LV,너 같은 사람 또 없어 No Other,49,False,256773,2010-06-25,['SUPER JUNIOR']
미인아 (Bonamana) - The 4th Album Repackage,album,3,4EQAoZY834yDfhuDofqP1q,Shake It Up! - Remix Version,22,False,183880,2010-06-25,['SUPER JUNIOR']
미인아 (Bonamana) - The 4th Album Repackage,album,4,00D1CbXY8vFxXEmndW6CkB,진심 All My Heart,28,False,223920,2010-06-25,['SUPER JUNIOR']
미인아 (Bonamana) - The 4th Album Repackage,album,5,3DNGRSsqnIH26PdCXWV0lH,여행 A Short Journey,24,False,224106,2010-06-25,['SUPER JUNIOR']
미인아 (Bonamana) - The 4th Album Repackage,album,6,1QmfAVcbYFnJAPaQh5mHG7,나쁜 여자 Boom Boom,21,False,195813,2010-06-25,['SUPER JUNIOR']
미인아 (Bonamana) - The 4th Album Repackage,album,7,3APOCi7dblMhEFWToZidwD,응결 Coagulation,18,False,260720,2010-06-25,['SUPER JUNIOR']
미인아 (Bonamana) - The 4th Album Repackage,album,8,7qDemo5ZOBjaqY4oGpn7d6,나란 사람 Your Eyes,17,False,221520,2010-06-25,['SUPER JUNIOR']
미인아 (Bonamana) - The 4th Album Repackage,album,9,3fKVfWtV3Uxm9QsHPvxjGW,My Only Girl,14,False,190200,2010-06-25,['SUPER JUNIOR']
미인아 (Bonamana) - The 4th Album Repackage,album,10,2IKzkFS4bR0k2rE8t2gXCE,사랑이 이렇게 My All Is In You,21,False,215960,2010-06-25,['SUPER JUNIOR']
미인아 (Bonamana) - The 4th Album Repackage,album,11,2m29bjbxMrbQMeFvsiiuxI,Shake It Up!,18,False,183413,2010-06-25,['SUPER JUNIOR']
미인아 (Bonamana) - The 4th Album Repackage,album,12,4ojZUY8fA7RqGo31UdXTuQ,잠들고 싶어 In My Dream,20,False,303786,2010-06-25,['SUPER JUNIOR']
미인아 (Bonamana) - The 4th Album Repackage,album,13,5KrdxKYsH0GOyhpOarK53o,봄날 One Fine Spring Day,17,False,236680,2010-06-25,['SUPER JUNIOR']
미인아 (Bonamana) - The 4th Album Repackage,album,14,2TjeGAPOzHVf38ZBLGFM1I,좋은 사람 Good Person,20,False,245120,2010-06-25,['SUPER JUNIOR']
미인아 (Bonamana) - The 4th Album Repackage,album,15,46CFFhjTsyBJLnJRLM93jV,Here We Go,14,False,230373,2010-06-25,['SUPER JUNIOR']
미인아 (Bonamana) - The 4th Album,album,1,2cRTwcRq1idIR9NrcYKb63,미인아 Bonamana,50,False,239186,2010-05-13,['SUPER JUNIOR']
미인아 (Bonamana) - The 4th Album,album,2,2XwaB4MdUHSGkbvpex52UM,나쁜 여자 Boom Boom,27,False,195813,2010-05-13,['SUPER JUNIOR']
미인아 (Bonamana) - The 4th Album,album,3,2Uycns0ITnKxgsqAedoNGk,응결 Coagulation,28,False,260720,2010-05-13,['SUPER JUNIOR']
미인아 (Bonamana) - The 4th Album,album,4,6IeJXndlcTXC1yYcw9Jd96,나란 사람 Your Eyes,22,False,221533,2010-05-13,['SUPER JUNIOR']
미인아 (Bonamana) - The 4th Album,album,5,5RZmdMDsVvoxzzbuVLLU9x,My Only Girl,16,False,190186,2010-05-13,['SUPER JUNIOR']
미인아 (Bonamana) - The 4th Album,album,6,2yc77WjrRcBc3eosdcZYkc,사랑이 이렇게 My All Is In You,27,False,215960,2010-05-13,['SUPER JUNIOR']
미인아 (Bonamana) - The 4th Album,album,7,256qmEYLArfoPtG1pIJKYy,Shake It Up!,25,False,183413,2010-05-13,['SUPER JUNIOR']
미인아 (Bonamana) - The 4th Album,album,8,37Na9aDwVSpWDsZXJSCNfH,잠들고 싶어 In My Dream,31,False,303786,2010-05-13,['SUPER JUNIOR']
미인아 (Bonamana) - The 4th Album,album,9,0EVAtSbpFJXfTXNySIUCht,봄날 One Fine Spring Day,23,False,236680,2010-05-13,['SUPER JUNIOR']
미인아 (Bonamana) - The 4th Album,album,10,6a2mrVZRgv0NeongnE8RI0,좋은 사람 Good Person,29,False,245120,2010-05-13,['SUPER JUNIOR']
미인아 (Bonamana) - The 4th Album,album,11,1Ji2Y5UGgHZlVYhJFcz3or,Here We Go,17,False,230373,2010-05-13,['SUPER JUNIOR']
Super Show 2 (The 2nd Asia Tour Concert Album),album,1,2xbxUPmejDgLyBqxLjGSHF,A Man in Love - Live,12,False,337815,2009-12-10,['SUPER JUNIOR']
Super Show 2 (The 2nd Asia Tour Concert Album),album,2,2dbXj1eTuRe31DkSEG0CBF,U - Live,11,False,247373,2009-12-10,['SUPER JUNIOR']
Super Show 2 (The 2nd Asia Tour Concert Album),album,3,3QZKh3Ut1hEemgaQhXhjr8,"It’s You - Rearranged, Live",11,False,249320,2009-12-10,['SUPER JUNIOR']
Super Show 2 (The 2nd Asia Tour Concert Album),album,4,07pgViPrnsPzX8gpGCNvke,She Wants It - Live,8,False,238413,2009-12-10,['SUPER JUNIOR']
Super Show 2 (The 2nd Asia Tour Concert Album),album,5,2w2kIcJHJ77u0uD7n9E0J2,Angela - Live,8,False,197400,2009-12-10,['SUPER JUNIOR']
Super Show 2 (The 2nd Asia Tour Concert Album),album,6,0Mlrgam00evbXmIuhf8oDr,"Miracle - Rearranged, Live",8,False,158186,2009-12-10,['SUPER JUNIOR']
Super Show 2 (The 2nd Asia Tour Concert Album),album,7,0VnE6WaZWnJRWLhdpMwBC5,"Disco Drive - Rearranged, Live",10,False,228626,2009-12-10,['SUPER JUNIOR']
Super Show 2 (The 2nd Asia Tour Concert Album),album,8,740IeKHkjWllfAvMKYNa0K,"Dancing Out - Rearranged, Live",7,False,193973,2009-12-10,['SUPER JUNIOR']
Super Show 2 (The 2nd Asia Tour Concert Album),album,9,4LiMwanQmorHY9l3aUkegu,Baby Baby - Live,11,False,152760,2009-12-10,['SUNGMIN']
Super Show 2 (The 2nd Asia Tour Concert Album),album,10,50U3Mje5U6YApAqQWMWE2s,Soul - Live,12,False,159200,2009-12-10,['KIM HEECHUL']
Super Show 2 (The 2nd Asia Tour Concert Album),album,11,1BPR6CYBr5svwycrzS0yZg,Beautiful - Live,17,False,184920,2009-12-10,['DONGHAE']
Super Show 2 (The 2nd Asia Tour Concert Album),album,12,5fivTNLdpOJ16OqxQvyvf4,Resignation - Live,9,False,192040,2009-12-10,['YESUNG']
Super Show 2 (The 2nd Asia Tour Concert Album),album,13,49IGSVzRM2Y9KmcZKMZcxL,Insomnia - Live,15,False,174466,2009-12-10,['RYEOWOOK']
Super Show 2 (The 2nd Asia Tour Concert Album),album,14,6n7tP74IyUn5HCO2q7GgIN,7 Years of Love - Live,26,False,337573,2009-12-10,['KYUHYUN']
Super Show 2 (The 2nd Asia Tour Concert Album),album,15,0H1CCxGsJDOHH77iVcyykK,What If - Live,9,False,204053,2009-12-10,['SUPER JUNIOR']
Super Show 2 (The 2nd Asia Tour Concert Album),album,16,6HirDoQcZN5WBIdtElHY2P,Heartquake - Live,12,False,251053,2009-12-10,['SUPER JUNIOR']
Super Show 2 (The 2nd Asia Tour Concert Album),album,17,6PJUxUibb6jQfpAX1wwYAH,Honey - Live,9,False,152813,2009-12-10,['LEETEUK']
Super Show 2 (The 2nd Asia Tour Concert Album),album,18,3Fx5RFA7z2EMh8gY8sfNie,Dances with DOC + Run to You - Live,6,False,222453,2009-12-10,['KANGIN']
Super Show 2 (The 2nd Asia Tour Concert Album),album,19,4Yzumpm1Mveahcu5FJkujI,Don't Don - Live,8,False,261173,2009-12-10,['SUPER JUNIOR']
Super Show 2 (The 2nd Asia Tour Concert Album),album,20,622h1lTqScubbgoboN4Ag0,Twins - Live,7,False,205493,2009-12-10,['SUPER JUNIOR']
Super Show 2 (The 2nd Asia Tour Concert Album),album,1,3ZcbT0p6F6FmwED15F9Att,"Our Love - Rearranged, Live",8,False,228280,2009-12-10,['SUPER JUNIOR']
Super Show 2 (The 2nd Asia Tour Concert Album),album,2,0JmPNCJJAK7miBlkUxuqtW,Who Am I? - Live,14,False,205200,2009-12-10,['CHOI SIWON']
Super Show 2 (The 2nd Asia Tour Concert Album),album,3,2KLUWr2rVH2oWsznbGdAon,At Least There's Still You - Live,12,False,257653,2009-12-10,['SUPER JUNIOR']
Super Show 2 (The 2nd Asia Tour Concert Album),album,4,1yckkUoWcAXKs1GqQzkmqf,Me (迷) - Live,11,False,239613,2009-12-10,['SUPER JUNIOR']
Super Show 2 (The 2nd Asia Tour Concert Album),album,5,6nzhcZO7xFNJ93PGnBg9n7,"Shining Star - Rearranged, Live",9,False,265573,2009-12-10,['SUPER JUNIOR']
Super Show 2 (The 2nd Asia Tour Concert Album),album,6,746KM3Z6cJiizhwgGUDI6w,"Sorry, Sorry - Remix, Live",8,False,287986,2009-12-10,['SUPER JUNIOR']
Super Show 2 (The 2nd Asia Tour Concert Album),album,7,7tnApWZmqpsPgDw8Zmk6ST,Superman - Live,10,False,204120,2009-12-10,['SUPER JUNIOR']
Super Show 2 (The 2nd Asia Tour Concert Album),album,8,4WfZatXFiSNPOlHxPG4P05,Rokuko - Live,8,False,181680,2009-12-10,['SUPER JUNIOR']
Super Show 2 (The 2nd Asia Tour Concert Album),album,9,7m5yDR7xXX2LLrJhrB7rab,Gee - Live,12,False,201600,2009-12-10,['SUPER JUNIOR']
Super Show 2 (The 2nd Asia Tour Concert Album),album,10,5MfzCHhMVHKHhMjEidrEv7,"Sunny - Rearranged, Live",8,False,187960,2009-12-10,['SUPER JUNIOR']
Super Show 2 (The 2nd Asia Tour Concert Album),album,11,47g8lS0VieNwoTSBBKAUhJ,"Pajama Party - Rearranged, Live",10,False,199840,2009-12-10,['SUPER JUNIOR']
Super Show 2 (The 2nd Asia Tour Concert Album),album,12,3OBuv796GwiIogmij5Tvgl,Carnival - Live,7,False,206360,2009-12-10,['SUPER JUNIOR']
Super Show 2 (The 2nd Asia Tour Concert Album),album,13,3nnHqgy9PnHAdOBwiaixwE,Sapphire Blue - Live,7,False,175733,2009-12-10,['SUPER JUNIOR']
Super Show 2 (The 2nd Asia Tour Concert Album),album,14,7hbP7KLlsh701F4ZzSVt3n,Marry U - Live,8,False,197186,2009-12-10,['SUPER JUNIOR']
Super Show 2 (The 2nd Asia Tour Concert Album),album,15,4fFjSmnQjYkkXIW0IswGd9,"Sorry, Sorry - Studio Version",31,False,300186,2009-12-10,['SUPER JUNIOR']
Super Show 2 (The 2nd Asia Tour Concert Album),album,16,3AK4Qj4hQDvqBkIGZ0WXof,"Sorry, Sorry - Remix, Studio Version",12,False,290240,2009-12-10,['SUPER JUNIOR']
Super Show 2 (The 2nd Asia Tour Concert Album),album,17,3hLFVhBb9j8Y3lsa0WzFeB,"It's you - Rearranged, Studio Version",11,False,250813,2009-12-10,['SUPER JUNIOR']
Super Show 2 (The 2nd Asia Tour Concert Album),album,18,2IklIKExFrAbQqIiAehJag,Puff the Magic Dragon - Studio Version,10,False,217320,2009-12-10,['SUPER JUNIOR']
Super Show 2 (The 2nd Asia Tour Concert Album),album,19,3IJ9mEwYDJcwI4H69M9hjH,"Shining Star - Rearranged, Studio Version",9,False,262146,2009-12-10,['SUPER JUNIOR']
"쏘리 쏘리 Sorry, Sorry - The 3rd Album",album,1,5w18nowVMRZrC5Na9Vxoth,"쏘리 쏘리 Sorry, Sorry",58,False,232333,2009-03-11,['SUPER JUNIOR']
"쏘리 쏘리 Sorry, Sorry - The 3rd Album",album,2,0ZVAUR4AaS9qSRL8Qs5XaS,니가 좋은 이유 Why I Like You,34,False,225226,2009-03-11,['SUPER JUNIOR']
"쏘리 쏘리 Sorry, Sorry - The 3rd Album",album,3,6GkrKJrpUKrIeMKuslIUA0,마주치지 말자 Let's Not…,31,False,220866,2009-03-11,['SUPER JUNIOR']
"쏘리 쏘리 Sorry, Sorry - The 3rd Album",album,4,2P8kTieZHYLGYy5LKcu4gj,앤젤라 Angela,27,False,201893,2009-03-11,['SUPER JUNIOR']
"쏘리 쏘리 Sorry, Sorry - The 3rd Album",album,5,6TJDInwRZQwBpQ9FWBdJD6,Reset,29,False,223626,2009-03-11,['SUPER JUNIOR']
"쏘리 쏘리 Sorry, Sorry - The 3rd Album",album,6,75JevVZ3aAOfambsnaJ5Hi,Monster,25,False,228120,2009-03-11,['SUPER JUNIOR']
"쏘리 쏘리 Sorry, Sorry - The 3rd Album",album,7,4GPd2FxhhoscpyGGfcWyLa,What If,27,False,206453,2009-03-11,['SUPER JUNIOR']
"쏘리 쏘리 Sorry, Sorry - The 3rd Album",album,8,6UIPzF82zVLJXWMbHrdPDT,이별… 넌 쉽니 Heartquake,26,False,247426,2009-03-11,"['SUPER JUNIOR', 'U-KNOW', 'Micky']"
"쏘리 쏘리 Sorry, Sorry - The 3rd Album",album,9,34xZCOe862c0wkCjC6CvOc,Club No.1,22,False,189466,2009-03-11,"['SUPER JUNIOR', 'Yeonhee Lee']"
"쏘리 쏘리 Sorry, Sorry - The 3rd Album",album,10,1nfrvid2rx2IplCmiQKiPF,Happy Together,29,False,214813,2009-03-11,['SUPER JUNIOR']
"쏘리 쏘리 Sorry, Sorry - The 3rd Album",album,11,62I1RrLmdrG5OhN3QJHZg1,죽어있는 것 Dead At Heart,23,False,249933,2009-03-11,['SUPER JUNIOR']
"쏘리 쏘리 Sorry, Sorry - The 3rd Album",album,12,6m0aN1t3VstYplvSWAsYEH,Shining Star,29,False,205386,2009-03-11,['SUPER JUNIOR']
Super Show (The 1st Asia Tour Concert Album),album,1,2YIxSSXp9Ood8JvEysOlar,Welcome to SJ World - Live,6,False,266626,2008-05-18,['SUPER JUNIOR']
Super Show (The 1st Asia Tour Concert Album),album,2,3YNOOvEt49Kr8mymKGg6Hs,Twins - Live,7,False,200453,2008-05-18,['SUPER JUNIOR']
Super Show (The 1st Asia Tour Concert Album),album,3,3vK158obYbzophy4rLjOu4,Intro+Rock This House - Live,5,False,223493,2008-05-18,['SUPER JUNIOR']
Super Show (The 1st Asia Tour Concert Album),album,4,31wVdKQQelIvuTsv8LhdEf,Intro+Don't Don - Live,5,False,371973,2008-05-18,['SUPER JUNIOR']
Super Show (The 1st Asia Tour Concert Album),album,5,3NSTVkuuSvAzGfevyTHMsv,Asian Freak Show - Live,5,False,62160,2008-05-18,['SUPER JUNIOR']
Super Show (The 1st Asia Tour Concert Album),album,6,6GPrb9HKJjDz1kvHGlGVlI,A Man in Love - Live,15,False,276013,2008-05-18,['SUPER JUNIOR']
Super Show (The 1st Asia Tour Concert Album),album,7,1GAZSeZO8aMWLHibLLmdsi,Mirror - Live,9,False,244520,2008-05-18,['SUPER JUNIOR']
Super Show (The 1st Asia Tour Concert Album),album,8,15WB9fGMuUthfKvZ3gatnO,Ment 1 - Live,4,False,279293,2008-05-18,['SUPER JUNIOR']
Super Show (The 1st Asia Tour Concert Album),album,9,3lLXZ1xA4v2dxMCLzytfQq,She's Gone - Live,9,False,278040,2008-05-18,['SUPER JUNIOR']
Super Show (The 1st Asia Tour Concert Album),album,10,0O7SfyFn4HL8gx43NUuvRK,You're My Endless Love - Live,7,False,273813,2008-05-18,['SUPER JUNIOR']
Super Show (The 1st Asia Tour Concert Album),album,11,1GDWeG3HjN9CMmStsiKq4k,Dancing Out - Live,8,False,222053,2008-05-18,['SUPER JUNIOR']
Super Show (The 1st Asia Tour Concert Album),album,12,5HSTG4VJY0VPdCFK215tv2,The Night Chicago Died - Live,9,False,226240,2008-05-18,['SUPER JUNIOR']
Super Show (The 1st Asia Tour Concert Album),album,13,15jFQAbLvuNyiEONUVTcaS,My Everything - Live,9,False,175293,2008-05-18,['SUPER JUNIOR']
Super Show (The 1st Asia Tour Concert Album),album,14,00htspCJlcVJrlVEU4VGOa,처음 느낌 그대로 - Live,8,False,260466,2008-05-18,['SUPER JUNIOR']
Super Show (The 1st Asia Tour Concert Album),album,15,5EuCZsvoDgVUjrNvSnTi9g,Doll - Live,7,False,207733,2008-05-18,['SUPER JUNIOR']
Super Show (The 1st Asia Tour Concert Album),album,16,0APOmKse6qUAUxV82o3IDq,걸음을 멈추고 - Live,8,False,252560,2008-05-18,['SUPER JUNIOR']
Super Show (The 1st Asia Tour Concert Album),album,17,52xHC5OypOe5Q9r7qy0Bzr,Luxembourg - Live,5,False,144506,2008-05-18,['SUPER JUNIOR']
Super Show (The 1st Asia Tour Concert Album),album,1,36TDDPzXaWYpCf7MDu5TGI,Rokuko - Live,7,False,208760,2008-05-18,['SUPER JUNIOR']
Super Show (The 1st Asia Tour Concert Album),album,2,0zhwxm9fzEjxSJGhKOyzxv,첫차 - Live,6,False,148093,2008-05-18,['SUPER JUNIOR']
Super Show (The 1st Asia Tour Concert Album),album,3,0igWvk193q8FXHSb5VDsjG,나같은건 없는건가요 - Live,6,False,192680,2008-05-18,['SUPER JUNIOR']
Super Show (The 1st Asia Tour Concert Album),album,4,216OjzvrMvJLj1wUhHFQOc,H.I.T - Live,8,False,225506,2008-05-18,['SUPER JUNIOR']
Super Show (The 1st Asia Tour Concert Album),album,5,7oJnhaanuYr1hiLD3ihUat,One Love - Live,8,False,221666,2008-05-18,['SUPER JUNIOR']
Super Show (The 1st Asia Tour Concert Album),album,6,3aZZMAOFRFnsv29Y3jBrPp,"Hate U, Love U - Live",6,False,227986,2008-05-18,['SUPER JUNIOR']
Super Show (The 1st Asia Tour Concert Album),album,7,6lBWceop0KGfbSLW1MkY1W,Ment 2 - Live,4,False,57053,2008-05-18,['SUPER JUNIOR']
Super Show (The 1st Asia Tour Concert Album),album,8,7pwlddM0Yxl72DTxMJANhD,Marry U - Live,8,False,239346,2008-05-18,['SUPER JUNIOR']
Super Show (The 1st Asia Tour Concert Album),album,9,75CFIpn77vyvEvXKzdPHIp,Y.M.C.A - Live,6,False,148226,2008-05-18,['SUPER JUNIOR']
Super Show (The 1st Asia Tour Concert Album),album,10,245WO1BxYh0WiJAStJHlBs,Wonder Boy - Live,18,False,197933,2008-05-18,['SUPER JUNIOR']
Super Show (The 1st Asia Tour Concert Album),album,11,1iHHIiNtLqVndz1pkyEdqo,First Snow - Live,9,False,205333,2008-05-18,['SUPER JUNIOR']
Super Show (The 1st Asia Tour Concert Album),album,12,6iSX2Khx7ijqVNyzZpptvm,Ment 3 - Live,3,False,78346,2008-05-18,['SUPER JUNIOR']
Super Show (The 1st Asia Tour Concert Album),album,13,5kgwViUHXS05NyK8HKh4sf,The girl is mine - Live,8,False,197746,2008-05-18,['SUPER JUNIOR']
Super Show (The 1st Asia Tour Concert Album),album,14,39RIb2dzntDAzVbsozXZAH,U - Live,8,False,276933,2008-05-18,['SUPER JUNIOR']
Super Show (The 1st Asia Tour Concert Album),album,15,2vwU7LkYtFp4tPjRD04Vee,행복 - Live,16,False,205226,2008-05-18,['SUPER JUNIOR']
Super Show (The 1st Asia Tour Concert Album),album,16,5zzPufkS8tLWdM8EsCh14i,Way For Love - Live,6,False,187346,2008-05-18,['SUPER JUNIOR']
Super Show (The 1st Asia Tour Concert Album),album,17,734jS22FY595I4l7aGgCty,Believe - Live,10,False,285333,2008-05-18,['SUPER JUNIOR']
Super Show (The 1st Asia Tour Concert Album),album,18,4g65R3ZChmucdK0Nu0Cydh,Miracle - Live,8,False,273040,2008-05-18,['SUPER JUNIOR']
Super Show (The 1st Asia Tour Concert Album),album,19,5WgdTZsMLozUWHJZicjGJv,One Love - Studio Version,17,False,217186,2008-05-18,['SUPER JUNIOR']
돈돈! Don't Don,album,1,4K5OvEAa35FTORioqjTHPz,돈 돈! Don't Don,35,False,252026,2007-09-20,['SUPER JUNIOR']
돈돈! Don't Don,album,2,74HdB7HajGGtv5fjqjbOoK,소원이 있나요 Sapphire Blue,28,False,204800,2007-09-20,['SUPER JUNIOR']
돈돈! Don't Don,album,3,5XVOq0DjzWWs5bch9NZHa7,말하자면 You're My Endless Love,27,False,272946,2007-09-20,['SUPER JUNIOR']
돈돈! Don't Don,album,4,33wfPeX9S5j1ACyeSZVwk4,"미워 Hate U, Love U",24,False,227586,2007-09-20,['SUPER JUNIOR']
돈돈! Don't Don,album,5,1QrlFxCPC1fc5AvTvTaOTJ,Disco Drive,23,False,248373,2007-09-20,['SUPER JUNIOR']
돈돈! Don't Don,album,6,5gy62OiW2cri7dyir11hsL,Marry U,38,False,199146,2007-09-20,['SUPER JUNIOR']
돈돈! Don't Don,album,7,5TurXIoN6jBE9zKC9XzBM4,I Am,18,False,211400,2007-09-20,['SUPER JUNIOR']
돈돈! Don't Don,album,8,58N85CzYerejgXXMatpcYr,사랑이 떠나다 She's Gone,30,False,278720,2007-09-20,['SUPER JUNIOR']
돈돈! Don't Don,album,9,1HF0N73xWcE3YHp7719ADY,Missin' U,17,False,223600,2007-09-20,['SUPER JUNIOR']
돈돈! Don't Don,album,10,68RnXHAMYjcGSv7HqpWqvq,거울 Mirror,26,False,242093,2007-09-20,['SUPER JUNIOR']
돈돈! Don't Don,album,11,6QXZsOZ0M1hPf80nqD1doX,우리들의 사랑 Our Love,25,False,230240,2007-09-20,['SUPER JUNIOR']
돈돈! Don't Don,album,12,4FbegTEnTr4xdzeSyFH0qZ,Midnight Fantasy,18,False,241666,2007-09-20,['SUPER JUNIOR']
돈돈! Don't Don,album,13,1FsAJrdlBS0WmBzztR14ya,Thank You,20,False,217640,2007-09-20,['SUPER JUNIOR']
돈돈! Don't Don,album,14,7uZHdKqj94ZfBPNepwAuD0,아주 먼 옛날 Song for You - Bonus Track,29,False,220680,2007-09-20,['SUPER JUNIOR']
Super Junior 05,album,1,50mJUXTFaqSTpqppyPPnvp,Miracle,37,False,176640,2005-12-05,['SUPER JUNIOR']
Super Junior 05,album,2,0C4NNrGcJJ21Kc5FwrFCY3,Twins (Knock Out),32,False,201080,2005-12-05,['SUPER JUNIOR']
Super Junior 05,album,3,153n72huHMyuEc9Yisn3CZ,You Are the One,23,False,232053,2005-12-05,['SUPER JUNIOR']
Super Junior 05,album,4,3dXOf1lGArFhsR5uDR2SWP,Rock This House,17,False,188240,2005-12-05,['SUPER JUNIOR']
Super Junior 05,album,5,0PFhpl99gdEFnS6Jm1RC4U,차근차근 Way for Love,23,False,197186,2005-12-05,['SUPER JUNIOR']
Super Junior 05,album,6,1KBxrjLmHQf993Q0cjYbHj,So I,31,False,223213,2005-12-05,['SUPER JUNIOR']
Super Junior 05,album,7,68IsixFjR9Q3dxzxfFeI3k,Over,16,False,195946,2005-12-05,['SUPER JUNIOR']
Super Junior 05,album,8,5OM3oHDEupU6Qse4jZaFYX,Keep in Touch,16,False,271200,2005-12-05,['SUPER JUNIOR']
Super Junior 05,album,9,2bzNIwg7FmcX11Avh1MC4h,L.O.V.E.,18,False,216560,2005-12-05,['SUPER JUNIOR']
Super Junior 05,album,10,0Il83cLuIAYa4ghaxwLM4F,Believe,33,False,294160,2005-12-05,['SUPER JUNIOR']
Super Junior 05,album,11,6inv4kYrZjX7fZbzaVkUwA,Twins (Knock Out) - Instrumental,10,False,200133,2005-12-05,['SUPER JUNIOR']
The Road : Celebration - The 11th Album Vol.2,single,1,1z3TKT67SglIzFmHM7xxyK,Celebrate,50,False,213280,2022-12-15,['SUPER JUNIOR']
The Road : Celebration - The 11th Album Vol.2,single,2,4X7A2hcDjNeF9Zr6k1T20P,Hate Christmas,43,False,190226,2022-12-15,['SUPER JUNIOR']
The Road : Celebration - The 11th Album Vol.2,single,3,2LtWOIzMvmrROFjNCmZQO7,Snowman,43,False,194653,2022-12-15,['SUPER JUNIOR']
The Road : Celebration - The 11th Album Vol.2,single,4,5ptZGIBkHFMqkOotQrkFbA,White Love,47,False,171546,2022-12-15,['SUPER JUNIOR']
The Road : Celebration - The 11th Album Vol.2,single,5,1XsrcWQF2OinWALGShEBEC,If only you - Special Track,43,False,230093,2022-12-15,['SUPER JUNIOR']
The Road : Keep on Going - The 11th Album Vol.1,single,1,1VJdjvyLMRUQ0HH8byGDZt,Mango,52,False,199213,2022-07-12,['SUPER JUNIOR']
The Road : Keep on Going - The 11th Album Vol.1,single,2,1SXZfwwTzeL0nmEBEvlYzA,Don't Wait,45,False,179360,2022-07-12,['SUPER JUNIOR']
The Road : Keep on Going - The 11th Album Vol.1,single,3,3Bbpf9UyIHYJi2cZSxnbP5,My Wish,42,False,246373,2022-07-12,['SUPER JUNIOR']
The Road : Keep on Going - The 11th Album Vol.1,single,4,3mqJQ1zU9KY0tqSeX1Q6S6,Everyday,41,False,179386,2022-07-12,['SUPER JUNIOR']
The Road : Keep on Going - The 11th Album Vol.1,single,5,2nG6ZeHKpfTgowpzZs0frU,Always,39,False,232320,2022-07-12,['SUPER JUNIOR']
The Road : Winter for Spring,single,1,0Zbl0vvoYlHO5GPuEE8nJq,Callin',44,False,228093,2022-02-28,['SUPER JUNIOR']
The Road : Winter for Spring,single,2,0ZQQUIm8sMewQQyRZxxX2a,Analogue Radio,38,False,205653,2022-02-28,['SUPER JUNIOR']
The Road : Winter for Spring,single,3,3ZGwYnvaNSGdHWuZ38ZUdu,Callin' - Instrumental,13,False,228093,2022-02-28,['SUPER JUNIOR']
The Road : Winter for Spring,single,4,5QxqIG6jYELmPjLswUdfbh,Analogue Radio - Instrumental,11,False,205653,2022-02-28,['SUPER JUNIOR']
The Melody,single,1,5FqgslYHEkv51KtapyWsBZ,The Melody,39,False,191213,2020-11-06,['SUPER JUNIOR']
I THINK U,single,1,1LLXQQKJrzGY4y1KRtvRpZ,Fly to the Moon,17,False,187293,2020-01-29,['SUPER JUNIOR']
I THINK U,single,2,0Q7bSW614HhAiDjvPpuwTZ,I Think I - Japanese Version,13,False,202669,2020-01-29,['SUPER JUNIOR']
I THINK U,single,3,0DcqwMsVbzSMGezN1Sfyhw,Spotlight,14,False,200186,2020-01-29,['SUPER JUNIOR']
I THINK U,single,4,7taMx48vELkbBX8dAb0Cn8,BLUE,17,False,243266,2020-01-29,['SUPER JUNIOR']
I THINK U,single,5,307pQSR9i7JQmRnURdVl0E,愛が教えてくれたこと,18,False,218266,2020-01-29,['SUPER JUNIOR']
I Think I (Japanese Version),single,1,6zYxvIPea63uMeC88rb5YZ,I Think I - Japanese Version,16,False,202669,2020-01-29,['SUPER JUNIOR']
One More Time,single,1,71ax09SvKzLb1mwlQeAYMU,One More Time - Otra Vez,26,False,185733,2018-11-28,"['SUPER JUNIOR', 'Reik']"
One More Time,single,2,2Y1XRtC5YYDq8gJH9d5rDZ,Wow! Wow!! Wow!!!,21,False,201680,2018-11-28,['SUPER JUNIOR']
One More Time,single,3,27ZwENvMWRcckCnHngDPjU,Make You Smile,19,False,193520,2018-11-28,['SUPER JUNIOR']
One More Time,single,4,4KbZFe2sLJKWRPbf9Aihff,One More Time - Otra Vez Inst,14,False,183813,2018-11-28,"['SUPER JUNIOR', 'Reik']"
One More Time,single,5,1yMoDf3dDrZM68bvGALcJo,Wow! Wow!! Wow!!! - Inst,4,False,201666,2018-11-28,['SUPER JUNIOR']
One More Time,single,6,5w5OwmHYYXP433OBWVXssx,Make You Smile - Inst,5,False,195440,2018-11-28,['SUPER JUNIOR']
One More Time - Special Mini Album,single,1,1Zz7lQOhWPYh8dNQCwVkdG,One More Time (Otra Vez),46,False,186468,2018-10-08,"['SUPER JUNIOR', 'Reik']"
One More Time - Special Mini Album,single,2,1tTXWKvit9oYJAPhzdwpaT,One More Time (Otra Vez) - SJ Ver.,22,False,186451,2018-10-08,['SUPER JUNIOR']
One More Time - Special Mini Album,single,3,7aUtN39ANDkiI2owHqf9C9,Animals,24,False,211426,2018-10-08,['SUPER JUNIOR']
One More Time - Special Mini Album,single,4,7ufUUzddmfwitmCAFHsWr3,Ahora Te Puedes Marchar,42,False,190453,2018-10-08,['SUPER JUNIOR']
Animals,single,1,6Pqc7nJCJcxfTMrmNMNTr6,Animals,32,False,211422,2018-09-27,['SUPER JUNIOR']
Lo Siento,single,1,1WjMyxLcAUiQpgNMhiw6Fj,Lo Siento,20,False,226183,2018-04-24,"['SUPER JUNIOR', 'Leslie Grace', 'Play-N-Skillz']"
Super Duper - SM STATION,single,1,1fxrwpwKOFGDBCxyHUFH5a,Super Duper,28,False,194332,2018-03-23,['SUPER JUNIOR']
Super Duper - SM STATION,single,2,4makiHTrfGfel08X6ld1JH,Super Duper - Instrumental,5,False,194332,2018-03-23,['SUPER JUNIOR']
Devil / Magic,single,1,5bjTMEQw6kNhJYleOt8wSA,Devil,20,False,217053,2016-01-06,['SUPER JUNIOR']
Devil / Magic,single,2,33J1N6JLz8Rot9rYjy5WQe,Magic,17,False,216213,2016-01-06,['SUPER JUNIOR']
MAMACITA -AYAYA-,single,1,5F2HaXkpHYBm2oI29rupZv,MAMACITA -AYAYA-,18,False,207600,2014-12-17,['SUPER JUNIOR']
MAMACITA -AYAYA-,single,2,09jOpOkO0W4qxtKB4aAKa5,月蝕 -LUNAR ECLIPSE-,22,False,247066,2014-12-17,['SUPER JUNIOR']
Blue World,single,1,3Cj9cfI83SmOjfEUaapKog,Blue World,23,False,201333,2013-12-11,['SUPER JUNIOR']
Blue World,single,2,4fmwfdKpSIlLbEmem1OQZs,CANDY,14,False,203946,2013-12-11,['SUPER JUNIOR']
"Sexy, Free & Single",single,1,2gVUU6cUYgsExc7X70FrTo,"Sexy, Free & Single",27,False,224533,2012-08-22,['SUPER JUNIOR']
"Sexy, Free & Single",single,2,2ew0GKF5cdoZmnRwAc4MUh,Our Love,12,False,370973,2012-08-22,['SUPER JUNIOR']
Opera,single,1,3isoUpV2iQ85unttRTAvL1,Opera,25,False,181880,2012-05-09,['SUPER JUNIOR']
Opera,single,2,19Ir2LUZhE3EqpCo6voP0l,Way,16,False,286800,2012-05-09,['SUPER JUNIOR']
Mr. Simple,single,1,23GWmLq9VggWMzWr4PsbQF,Mr.Simple,22,False,239133,2011-12-07,['SUPER JUNIOR']
Mr. Simple,single,2,3p4hKO0MuCLDwV3MypIO5q,Snow white,18,False,246213,2011-12-07,['SUPER JUNIOR']
美人(BONAMANA),single,1,7zTnwz4rGdvQ1foxDYtZfq,美人(BONAMANA) - Japanese Version,18,False,240866,2011-06-08,['SUPER JUNIOR']
THE PRESIDENT DRAMA OST Part.1,single,1,26dBQr6YNT7O1jtnq8HWyE,Bite the lips,14,False,215599,2010-12-15,['SUPER JUNIOR']
THE PRESIDENT DRAMA OST Part.1,single,2,0yPB4TdgBzAaIe5xR3GfT0,Bite the lips (Inst.),2,False,214036,2010-12-15,['SUPER JUNIOR']
Dreams Come True,single,1,7FrSESXuHix9bHDOqdJ1yc,Victory Korea,17,False,198791,2010-05-20,['SUPER JUNIOR']
Dreams Come True,single,2,58xPb1OGeMruvMy2IkIaRH,Victory Korea (Ost Ver.),7,False,198608,2010-05-20,['SUPER JUNIOR']
Dreams Come True,single,3,3xK96bHxBQv7k44e7hqx4m,Victory Korea (inst),3,False,198112,2010-05-20,['SUPER JUNIOR']
너라고 It's You,single,1,2TG8kKgwsyyZU8lZIH6SZ1,너라고 It's You,49,False,231493,2009-05-14,['SUPER JUNIOR']
너라고 It's You,single,2,4QmkGIbUq0gs06frrqZ5GJ,그녀는 위험해 She Wants It,21,False,234866,2009-05-14,['SUPER JUNIOR']
너라고 It's You,single,3,3mdfpqAbveQaMna3gauns0,사랑이 죽는 병 Love Disease,28,False,210293,2009-05-14,['SUPER JUNIOR']
너라고 It's You,single,4,7xBa47sejx7gl8RRQSiSFS,첫번째 이야기 Love U More,20,False,188573,2009-05-14,['SUPER JUNIOR']
U,single,1,7HKkudjI7pofH9oDqt3Y1T,U,45,False,226746,2006-06-07,['SUPER JUNIOR']
U,single,2,0iyjPYJDbAAUdGEBMbTUhb,Endless Moment,22,False,217666,2006-06-07,['SUPER JUNIOR']
U,single,3,70pVLm86DCETC4JTvRNu0C,Lovely Day,27,False,181693,2006-06-07,['SUPER JUNIOR']
